event_id,timestamp,source_ip,method,url,user_agent,headers,payload,status_code,response_size,attack_type,is_successful,confidence,rule_hits
58729512-ba19-439c-ac9e-400fc9a322df,2026-01-07 04:52:49.205260,192.168.1.8,GET,/dashboard,Mozilla/5.0 (Macintosh; Intel Mac OS X 10_15_7),{'Host': 'example.com'},,200,601,Normal,False,0.0,[]
57fc23f5-20d9-450b-9af0-01f32f179bf6,2026-01-07 04:53:42.205260,192.168.1.1,POST,/webhook?url=http://localhost:8080/admin,Mozilla/5.0 (Windows NT 10.0; Win64; x64),{'Host': 'example.com'},,200,7082,SSRF,True,0.0,[]
6d90288e-31c2-4b3a-89a2-20ade9b0f03b,2026-01-07 04:55:34.205260,192.168.1.18,GET,/contact,Mozilla/5.0 (Macintosh; Intel Mac OS X 10_15_7),{'Host': 'example.com'},,200,154,Normal,False,0.0,[]
9fda257a-a221-4a4d-804b-5d697e2fd769,2026-01-07 05:00:14.205260,192.168.1.9,GET,/api/data,Mozilla/5.0 (Windows NT 10.0; Win64; x64),{'Host': 'example.com'},,200,1306,Normal,False,0.0,[]
6ac503f5-e6cb-4a99-9ae5-c7762a5b426b,2026-01-07 05:01:36.205260,192.168.1.3,GET,/download?file=../../../../etc/passwd,Python-urllib/3.8,{'Host': 'example.com'},,404,52,Traversal,False,0.0,[]
7a42ffc0-49be-4def-a16e-3e78f14e65a1,2026-01-07 05:02:26.205260,192.168.1.9,GET,/dashboard,Mozilla/5.0 (Windows NT 10.0; Win64; x64),{'Host': 'example.com'},,200,1336,Normal,False,0.0,[]
26ffde97-a6a6-4914-b9f9-ab0c7d8bd47f,2026-01-07 05:06:22.205260,192.168.1.18,GET,/api/data,Mozilla/5.0 (X11; Linux x86_64),{'Host': 'example.com'},,200,261,Normal,False,0.0,[]
d3b9d2cb-3bd7-4234-9566-8e48b99a7e43,2026-01-07 05:09:28.205260,192.168.1.8,GET,/home,Mozilla/5.0 (X11; Linux x86_64),{'Host': 'example.com'},,200,193,Normal,False,0.0,[]
e22ac7ac-167e-4d3f-824f-8774a37d9bd4,2026-01-07 05:10:09.205260,192.168.1.12,GET,/goggle.com/login,Mozilla/5.0 (Macintosh; Intel Mac OS X 10_15_7),{'Host': 'example.com'},,404,232,Typosquatting,False,0.0,[]
2644d3dd-afdc-42d1-9b63-633cbe35bfd9,2026-01-07 05:13:19.205260,192.168.1.3,GET,/dashboard,curl/7.68.0,{'Host': 'example.com'},,200,1537,Normal,False,0.0,[]
94b369e6-cca3-4782-9b9f-bcac8dfe2275,2026-01-07 05:14:47.205260,192.168.1.15,GET,/login,Python-urllib/3.8,{'Host': 'example.com'},,200,434,Normal,False,0.0,[]
ee4bd19a-e756-488a-a6fd-434bbbb43738,2026-01-07 05:17:06.205260,192.168.1.11,GET,/api/users?id=1&id=2,Mozilla/5.0 (Windows NT 10.0; Win64; x64),{'Host': 'example.com'},,403,350,HPP,False,0.0,[]
cad77633-68e9-462b-a91d-525a9ecc167f,2026-01-07 05:19:04.205260,192.168.1.7,GET,/goggle.com/login,curl/7.68.0,{'Host': 'example.com'},,404,33,Typosquatting,False,0.0,[]
37c44199-8d08-4965-8510-69328322de9a,2026-01-07 05:21:46.205260,192.168.1.15,GET,/api/data,Mozilla/5.0 (Macintosh; Intel Mac OS X 10_15_7),{'Host': 'example.com'},,200,910,Normal,False,0.0,[]
aabbc685-0126-43ba-a4aa-d08257ce8260,2026-01-07 05:24:02.205260,192.168.1.9,GET,/contact,curl/7.68.0,{'Host': 'example.com'},,200,1203,Normal,False,0.0,[]
90072b67-38d6-44ae-9863-656364c9ade8,2026-01-07 05:27:42.205260,192.168.1.3,GET,/ping?ip=127.0.0.1; cat /etc/passwd,Mozilla/5.0 (Windows NT 10.0; Win64; x64),{'Host': 'example.com'},,500,252,CmdInjection,False,0.0,[]
c67d04f6-45df-4364-826f-fcb7d3ed1981,2026-01-07 05:28:39.205260,192.168.1.14,GET,/login,curl/7.68.0,{'Host': 'example.com'},,200,1722,Normal,False,0.0,[]
19e64089-cac1-44b1-a92d-77f96c53a871,2026-01-07 05:29:12.205260,192.168.1.17,GET,/contact,Mozilla/5.0 (X11; Linux x86_64),{'Host': 'example.com'},,200,1058,Normal,False,0.0,[]
8dd4bc2f-907f-4ddd-b46d-6009eb13d0ee,2026-01-07 05:33:56.205260,192.168.1.18,POST,/login,Mozilla/5.0 (X11; Linux x86_64),{'Host': 'example.com'},' OR 1=1 --,500,453,SQLi,False,0.0,[]
23e17890-0dc5-417e-97ad-c5dd84a24e3e,2026-01-07 05:36:51.205260,192.168.1.15,GET,/api/data,Mozilla/5.0 (Windows NT 10.0; Win64; x64),{'Host': 'example.com'},,200,423,Normal,False,0.0,[]
1fb2b080-0aec-4643-90e0-ec35d8d74e62,2026-01-07 05:39:06.205260,192.168.1.10,GET,/goggle.com/login,curl/7.68.0,{'Host': 'example.com'},,403,445,Typosquatting,False,0.0,[]
fdb3234b-a969-40fc-bd13-d247a3a5f488,2026-01-07 05:40:48.205260,192.168.1.17,GET,/login,Mozilla/5.0 (Windows NT 10.0; Win64; x64),{'Host': 'example.com'},,200,1204,Normal,False,0.0,[]
ea479990-8684-4307-8cfe-6fc0665962e2,2026-01-07 05:43:34.205260,192.168.1.10,GET,/home,Mozilla/5.0 (Macintosh; Intel Mac OS X 10_15_7),{'Host': 'example.com'},,200,843,Normal,False,0.0,[]
0dcf869d-2c72-430a-857f-48e3df327d6d,2026-01-07 05:44:04.205260,192.168.1.3,GET,/contact,Python-urllib/3.8,{'Host': 'example.com'},,200,261,Normal,False,0.0,[]
fe2b1e4f-0f22-4b73-ac07-c9f4cc87c5de,2026-01-07 05:44:40.205260,192.168.1.18,POST,/webhook?url=http://169.254.169.254/latest/meta-data/,Mozilla/5.0 (Macintosh; Intel Mac OS X 10_15_7),{'Host': 'example.com'},,500,243,SSRF,False,0.0,[]
7b235ba3-0d99-42d6-8e2f-7bafb5bf6b57,2026-01-07 05:46:56.205260,192.168.1.7,GET,/contact,curl/7.68.0,{'Host': 'example.com'},,200,966,Normal,False,0.0,[]
ba0587f0-bfa9-4b25-93c9-ffea63cc3c13,2026-01-07 05:48:39.205260,192.168.1.17,GET,/ping?ip=127.0.0.1$(whoami),Python-urllib/3.8,{'Host': 'example.com'},,404,224,CmdInjection,False,0.0,[]
efb1fe42-7c7e-431a-842c-e7fc462b72b8,2026-01-07 05:49:41.205260,192.168.1.1,GET,/home,curl/7.68.0,{'Host': 'example.com'},,200,792,Normal,False,0.0,[]
e2f717d2-1da8-4424-b6e7-eea6c7ed1c83,2026-01-07 05:54:25.205260,192.168.1.3,GET,/login,Mozilla/5.0 (Windows NT 10.0; Win64; x64),{'Host': 'example.com'},,200,114,Normal,False,0.0,[]
6a1a9770-3612-45ab-a446-dbbd6e148ed8,2026-01-07 05:56:23.205260,192.168.1.11,GET,/home,Mozilla/5.0 (Windows NT 10.0; Win64; x64),{'Host': 'example.com'},,200,1860,Normal,False,0.0,[]
91a9ef48-c45d-4061-a676-ecb8a7fac194,2026-01-07 06:00:47.205260,192.168.1.18,GET,/api/data,Mozilla/5.0 (Macintosh; Intel Mac OS X 10_15_7),{'Host': 'example.com'},,200,538,Normal,False,0.0,[]
7f1c4ccd-e317-4594-8892-284713154fa6,2026-01-07 06:05:40.205260,192.168.1.16,GET,/login,Python-urllib/3.8,{'Host': 'example.com'},,200,1706,Normal,False,0.0,[]
19e956da-28bd-4402-9126-39e5812ea07f,2026-01-07 06:07:18.205260,192.168.1.14,GET,/api/data,Python-urllib/3.8,{'Host': 'example.com'},,200,825,Normal,False,0.0,[]
dc3fb84d-0ab9-4072-a019-e681be90727a,2026-01-07 06:11:18.205260,192.168.1.13,POST,/login,Mozilla/5.0 (X11; Linux x86_64),{'Host': 'example.com'},admin' --,403,31,SQLi,False,0.0,[]
29e858dd-5ad1-4831-a96d-6b4fa4f694f1,2026-01-07 06:12:14.205260,192.168.1.15,GET,/login,Mozilla/5.0 (Macintosh; Intel Mac OS X 10_15_7),{'Host': 'example.com'},,200,1198,Normal,False,0.0,[]
902ec155-9687-4727-a097-7f2a47f57038,2026-01-07 06:15:51.205260,192.168.1.3,GET,/api/data,Python-urllib/3.8,{'Host': 'example.com'},,200,611,Normal,False,0.0,[]
d1710078-dd59-4f15-88a4-7ed414f1c1bb,2026-01-07 06:20:33.205260,192.168.1.1,GET,/contact,Mozilla/5.0 (Windows NT 10.0; Win64; x64),{'Host': 'example.com'},,200,1812,Normal,False,0.0,[]
dbd7df26-f7f1-4d04-81cc-c1e5874b4247,2026-01-07 06:22:35.205260,192.168.1.7,GET,/api/data,Python-urllib/3.8,{'Host': 'example.com'},,200,1085,Normal,False,0.0,[]
79314234-9ba6-4c2b-ac2c-8c0a1e5db2a6,2026-01-07 06:23:06.205260,192.168.1.9,GET,/home,Python-urllib/3.8,{'Host': 'example.com'},,200,899,Normal,False,0.0,[]
3f795e95-6512-4526-b0b2-6012e6e0a035,2026-01-07 06:25:33.205260,192.168.1.16,GET,/contact,Mozilla/5.0 (Macintosh; Intel Mac OS X 10_15_7),{'Host': 'example.com'},,200,1455,Normal,False,0.0,[]
349e96cc-a2f7-44ee-8013-95df382deaf6,2026-01-07 06:27:11.205260,192.168.1.18,GET,/home,Mozilla/5.0 (Windows NT 10.0; Win64; x64),{'Host': 'example.com'},,200,1286,Normal,False,0.0,[]
60a8346d-d4ed-426f-9519-76e0e0aa5e77,2026-01-07 06:29:52.205260,192.168.1.17,GET,/contact,curl/7.68.0,{'Host': 'example.com'},,200,1076,Normal,False,0.0,[]
cc5ba4c7-8a23-4e78-ac68-2fe24b7e2d6b,2026-01-07 06:31:13.205260,192.168.1.6,GET,/contact,Mozilla/5.0 (Windows NT 10.0; Win64; x64),{'Host': 'example.com'},,200,264,Normal,False,0.0,[]
82ae4ea1-9b3b-43a0-b52c-de0c0f5e22ca,2026-01-07 06:31:48.205260,192.168.1.2,GET,/search?q=<script>alert(1)</script>,curl/7.68.0,{'Host': 'example.com'},,500,304,XSS,False,0.0,[]
32ab2736-ba5b-49a2-aeb7-ba9ea7b1034a,2026-01-07 06:32:30.205260,192.168.1.17,GET,/contact,Mozilla/5.0 (X11; Linux x86_64),{'Host': 'example.com'},,200,1257,Normal,False,0.0,[]
9ea19c4b-d298-4be3-bd48-d18abc511b21,2026-01-07 06:34:44.205260,192.168.1.9,GET,/dashboard,Python-urllib/3.8,{'Host': 'example.com'},,200,588,Normal,False,0.0,[]
c8d18c5a-8d5b-4b5a-a2b1-6383596d9d4c,2026-01-07 06:35:52.205260,192.168.1.20,GET,/download?file=../../../../etc/passwd,curl/7.68.0,{'Host': 'example.com'},,403,234,Traversal,False,0.0,[]
b05cc329-8191-4347-9b8b-74b15ae29290,2026-01-07 06:36:44.205260,192.168.1.9,GET,/login,Mozilla/5.0 (Macintosh; Intel Mac OS X 10_15_7),{'Host': 'example.com'},,200,1136,Normal,False,0.0,[]
57272061-3562-4f23-a807-25e7932d4fbd,2026-01-07 06:39:43.205260,192.168.1.18,GET,/search?q=<script>alert(1)</script>,Mozilla/5.0 (X11; Linux x86_64),{'Host': 'example.com'},,404,426,XSS,False,0.0,[]
782ff531-dcdf-40b6-bf32-e9c81361436f,2026-01-07 06:44:14.205260,192.168.1.4,GET,/contact,Mozilla/5.0 (Macintosh; Intel Mac OS X 10_15_7),{'Host': 'example.com'},,200,713,Normal,False,0.0,[]
63c16579-dedf-45a9-9547-26036bba7c17,2026-01-07 06:46:30.205260,192.168.1.18,GET,/home,Mozilla/5.0 (Macintosh; Intel Mac OS X 10_15_7),{'Host': 'example.com'},,200,1620,Normal,False,0.0,[]
4f3333ac-068f-4a5f-b91f-d8cef08185d8,2026-01-07 06:48:50.205260,192.168.1.11,GET,/login,Mozilla/5.0 (Macintosh; Intel Mac OS X 10_15_7),{'Host': 'example.com'},,200,1569,Normal,False,0.0,[]
617b5646-b1dd-4311-8abf-e48d9c0a740f,2026-01-07 06:51:06.205260,192.168.1.2,GET,/dashboard,Mozilla/5.0 (Windows NT 10.0; Win64; x64),{'Host': 'example.com'},,200,1954,Normal,False,0.0,[]
39857658-559f-44e3-a8e7-b0792cfcbdfe,2026-01-07 06:54:43.205260,192.168.1.9,POST,/login,Mozilla/5.0 (Macintosh; Intel Mac OS X 10_15_7),{'Host': 'example.com'},' OR 1=1 --,200,46753,SQLi,True,0.0,[]
9515f4b2-7662-4c3b-aa61-b1f59c6b6e08,2026-01-07 06:58:30.205260,192.168.1.1,GET,/api/data,Mozilla/5.0 (Windows NT 10.0; Win64; x64),{'Host': 'example.com'},,200,1248,Normal,False,0.0,[]
6f811c48-4281-47e4-a265-e4a6b6bcbeeb,2026-01-07 06:59:09.205260,192.168.1.12,GET,/api/users?id=1&id=2,curl/7.68.0,{'Host': 'example.com'},,500,18,HPP,False,0.0,[]
646648a9-0bbe-4632-ac4d-b38fd3f33230,2026-01-07 07:03:52.205260,192.168.1.10,GET,/login,Mozilla/5.0 (X11; Linux x86_64),{'Host': 'example.com'},,200,185,Normal,False,0.0,[]
0e05d27e-3ae8-4913-ba49-03a4e8b4c0ae,2026-01-07 07:04:13.205260,192.168.1.18,GET,/search?q=<script>alert(1)</script>,Python-urllib/3.8,{'Host': 'example.com'},,404,399,XSS,False,0.0,[]
34607ce3-a064-4621-874b-9d57a06b46f9,2026-01-07 07:05:33.205260,192.168.1.6,GET,/search?q=<script>alert(1)</script>,Mozilla/5.0 (X11; Linux x86_64),{'Host': 'example.com'},,404,12,XSS,False,0.0,[]
c66f4f4c-42ab-4380-af90-a43fa3656d4b,2026-01-07 07:09:04.205260,192.168.1.6,GET,/goggle.com/login,Mozilla/5.0 (Windows NT 10.0; Win64; x64),{'Host': 'example.com'},,403,136,Typosquatting,False,0.0,[]
49d0bcfe-34b7-48b5-9965-59d4c36c928e,2026-01-07 07:12:20.205260,192.168.1.15,GET,/goggle.com/login,Mozilla/5.0 (X11; Linux x86_64),{'Host': 'example.com'},,403,418,Typosquatting,False,0.0,[]
2375dc89-0b78-4504-82aa-9f20ce3c95c7,2026-01-07 07:14:57.205260,192.168.1.7,GET,/goggle.com/login,Python-urllib/3.8,{'Host': 'example.com'},,403,337,Typosquatting,False,0.0,[]
1c8837cd-6223-439c-a40f-332050f2860a,2026-01-07 07:17:46.205260,192.168.1.9,GET,/home,Mozilla/5.0 (X11; Linux x86_64),{'Host': 'example.com'},,200,1683,Normal,False,0.0,[]
934b871f-3891-458f-8382-e3ee97be854b,2026-01-07 07:22:07.205260,192.168.1.1,GET,/contact,Mozilla/5.0 (Windows NT 10.0; Win64; x64),{'Host': 'example.com'},,200,778,Normal,False,0.0,[]
4ce4ebaf-3dd3-4609-8d20-2f49492f3c83,2026-01-07 07:24:21.205260,192.168.1.4,GET,/dashboard,curl/7.68.0,{'Host': 'example.com'},,200,178,Normal,False,0.0,[]
8f3b1044-a026-4a5e-a414-62e4ce38371a,2026-01-07 07:28:04.205260,192.168.1.20,GET,/dashboard,curl/7.68.0,{'Host': 'example.com'},,200,993,Normal,False,0.0,[]
54e221b0-07b2-4cf0-8ed5-f4d71e006552,2026-01-07 07:29:04.205260,192.168.1.9,GET,/contact,Mozilla/5.0 (Windows NT 10.0; Win64; x64),{'Host': 'example.com'},,200,489,Normal,False,0.0,[]
bea6bb67-56e1-4750-aff9-4b0e0e0c7f94,2026-01-07 07:32:48.205260,192.168.1.7,GET,/contact,Mozilla/5.0 (X11; Linux x86_64),{'Host': 'example.com'},,200,1506,Normal,False,0.0,[]
bc8a8449-f3f2-4697-b692-dfde3b4a529a,2026-01-07 07:36:29.205260,192.168.1.11,GET,/dashboard,Mozilla/5.0 (Windows NT 10.0; Win64; x64),{'Host': 'example.com'},,200,1376,Normal,False,0.0,[]
046f7fb0-9e70-489e-8d56-855572e8e61e,2026-01-07 07:39:03.205260,192.168.1.13,GET,/api/data,Mozilla/5.0 (X11; Linux x86_64),{'Host': 'example.com'},,200,768,Normal,False,0.0,[]
cbef34bf-b6cd-48a5-b7fb-2de707202777,2026-01-07 07:43:47.205260,192.168.1.13,GET,/api/data,Mozilla/5.0 (Macintosh; Intel Mac OS X 10_15_7),{'Host': 'example.com'},,200,1461,Normal,False,0.0,[]
ce1674bc-255a-4513-a611-787fd1ebf276,2026-01-07 07:48:39.205260,192.168.1.1,GET,/contact,Mozilla/5.0 (X11; Linux x86_64),{'Host': 'example.com'},,200,1807,Normal,False,0.0,[]
b7d8c1a6-ab70-4aae-8971-cd8e641da34a,2026-01-07 07:51:06.205260,192.168.1.11,GET,/contact,Python-urllib/3.8,{'Host': 'example.com'},,200,1342,Normal,False,0.0,[]
34deb2c6-9ed3-41c8-9926-f6469059de6a,2026-01-07 07:54:53.205260,192.168.1.16,GET,/login,Mozilla/5.0 (Macintosh; Intel Mac OS X 10_15_7),{'Host': 'example.com'},,200,1146,Normal,False,0.0,[]
c18a3f50-fe82-4fe6-b12c-dac288967cce,2026-01-07 07:55:37.205260,192.168.1.3,GET,/contact,Mozilla/5.0 (Macintosh; Intel Mac OS X 10_15_7),{'Host': 'example.com'},,200,786,Normal,False,0.0,[]
d72ec212-a171-4ff9-b7b8-b636dddb6d4f,2026-01-07 07:58:16.205260,192.168.1.1,GET,/login,Mozilla/5.0 (Windows NT 10.0; Win64; x64),{'Host': 'example.com'},,200,401,Normal,False,0.0,[]
5b4ab5d3-bafd-4f6f-b7c2-cc58aad418bf,2026-01-07 08:00:22.205260,192.168.1.19,POST,/webhook?url=http://169.254.169.254/latest/meta-data/,Mozilla/5.0 (Macintosh; Intel Mac OS X 10_15_7),{'Host': 'example.com'},,404,212,SSRF,False,0.0,[]
f15b5644-ecec-4d48-80f5-8468e56ff2e8,2026-01-07 08:03:39.205260,192.168.1.1,GET,/login,Mozilla/5.0 (Windows NT 10.0; Win64; x64),{'Host': 'example.com'},,200,402,Normal,False,0.0,[]
9fc683fe-58f7-4bee-861b-7c097a3e321f,2026-01-07 08:07:17.205260,192.168.1.2,GET,/contact,curl/7.68.0,{'Host': 'example.com'},,200,1051,Normal,False,0.0,[]
3d5cc07e-c026-4914-88b5-c9d45489d3fd,2026-01-07 08:09:25.205260,192.168.1.18,POST,/login,curl/7.68.0,{'Host': 'example.com'},"' UNION SELECT null, version() --",500,271,SQLi,False,0.0,[]
69391d3f-e536-4f02-8132-12f5ff1d2638,2026-01-07 08:12:08.205260,192.168.1.18,GET,/ping?ip=127.0.0.1$(whoami),Python-urllib/3.8,{'Host': 'example.com'},,500,218,CmdInjection,False,0.0,[]
55cb0d35-9db3-4071-a2dc-f3dc597ea629,2026-01-07 08:13:30.205260,192.168.1.17,GET,/ping?ip=127.0.0.1; cat /etc/passwd,Python-urllib/3.8,{'Host': 'example.com'},,500,141,CmdInjection,False,0.0,[]
411a6c3c-24ef-4f44-aacd-baddc99a7f05,2026-01-07 08:15:33.205260,192.168.1.10,GET,/home,Mozilla/5.0 (Macintosh; Intel Mac OS X 10_15_7),{'Host': 'example.com'},,200,1561,Normal,False,0.0,[]
c43560d8-fd28-4de7-8af5-3ecfc8060fd1,2026-01-07 08:17:53.205260,192.168.1.5,GET,/contact,Mozilla/5.0 (Macintosh; Intel Mac OS X 10_15_7),{'Host': 'example.com'},,200,265,Normal,False,0.0,[]
f1365594-6598-4bc0-92d3-bee50f660d4c,2026-01-07 08:19:52.205260,192.168.1.7,GET,/login,Mozilla/5.0 (Windows NT 10.0; Win64; x64),{'Host': 'example.com'},,200,1546,Normal,False,0.0,[]
04974fcf-d830-496a-8514-3798add37e55,2026-01-07 08:23:25.205260,192.168.1.14,GET,/contact,Mozilla/5.0 (Windows NT 10.0; Win64; x64),{'Host': 'example.com'},,200,1054,Normal,False,0.0,[]
3e116291-f252-4e4a-bfc7-51927b94f578,2026-01-07 08:25:11.205260,192.168.1.19,GET,/ping?ip=127.0.0.1$(whoami),Python-urllib/3.8,{'Host': 'example.com'},,500,10,CmdInjection,False,0.0,[]
39bbdecf-a33f-42ee-81ed-f3ba17f6ae6b,2026-01-07 08:29:16.205260,192.168.1.13,GET,/dashboard,Python-urllib/3.8,{'Host': 'example.com'},,200,711,Normal,False,0.0,[]
785c0444-4e8e-44ba-9b30-013157f444ee,2026-01-07 08:33:52.205260,192.168.1.9,POST,/webhook?url=http://169.254.169.254/latest/meta-data/,Python-urllib/3.8,{'Host': 'example.com'},,404,112,SSRF,False,0.0,[]
0ea3a2da-e750-46b7-b7d9-8343ef0189c0,2026-01-07 08:38:01.205260,192.168.1.13,GET,/dashboard,Mozilla/5.0 (Macintosh; Intel Mac OS X 10_15_7),{'Host': 'example.com'},,200,1469,Normal,False,0.0,[]
bb53d00a-a06f-4b6c-8d7a-66e25abdc1fb,2026-01-07 08:42:01.205260,192.168.1.1,POST,/webhook?url=http://localhost:8080/admin,Mozilla/5.0 (Windows NT 10.0; Win64; x64),{'Host': 'example.com'},,500,288,SSRF,False,0.0,[]
dd51c962-13f8-420b-9afd-2787bcd100b9,2026-01-07 08:45:41.205260,192.168.1.2,GET,/api/data,Mozilla/5.0 (X11; Linux x86_64),{'Host': 'example.com'},,200,472,Normal,False,0.0,[]
919f51ee-77a2-4642-b6d9-a7cb583788e6,2026-01-07 08:48:56.205260,192.168.1.11,GET,/api/data,Python-urllib/3.8,{'Host': 'example.com'},,200,769,Normal,False,0.0,[]
1e076ad4-62c2-42ee-8e44-485b12b0f274,2026-01-07 08:51:19.205260,192.168.1.1,GET,/goggle.com/login,curl/7.68.0,{'Host': 'example.com'},,403,240,Typosquatting,False,0.0,[]
fcfde511-f400-47bc-8015-576ea16b26e3,2026-01-07 08:51:46.205260,192.168.1.1,GET,/download?file=../../../../etc/passwd,Mozilla/5.0 (Macintosh; Intel Mac OS X 10_15_7),{'Host': 'example.com'},,500,20,Traversal,False,0.0,[]
679c1437-fc19-4ea7-b035-fd1f181f080e,2026-01-07 08:53:29.205260,192.168.1.4,POST,/webhook?url=http://169.254.169.254/latest/meta-data/,curl/7.68.0,{'Host': 'example.com'},,404,342,SSRF,False,0.0,[]
7bf6c21f-8e1a-4545-a5de-4257d16a9086,2026-01-07 08:55:21.205260,192.168.1.12,GET,/dashboard,Mozilla/5.0 (Macintosh; Intel Mac OS X 10_15_7),{'Host': 'example.com'},,200,1670,Normal,False,0.0,[]
5b9f1991-a6b1-48d9-8004-eee2cc671d48,2026-01-07 08:56:20.205260,192.168.1.10,GET,/search?q=<script>alert(1)</script>,curl/7.68.0,{'Host': 'example.com'},,500,13,XSS,False,0.0,[]
97e0ef93-9c7d-493c-a8f5-3132cea9d257,2026-01-07 08:59:33.205260,192.168.1.19,GET,/login,Mozilla/5.0 (Macintosh; Intel Mac OS X 10_15_7),{'Host': 'example.com'},,200,255,Normal,False,0.0,[]
895178d2-bba7-4a29-81a7-d32cd7031427,2026-01-07 09:00:26.205260,192.168.1.2,GET,/download?file=../../../../etc/passwd,Mozilla/5.0 (X11; Linux x86_64),{'Host': 'example.com'},,500,400,Traversal,False,0.0,[]
9439e13d-e4eb-4820-a419-7dc5d477de9e,2026-01-07 09:04:59.205260,192.168.1.17,GET,/dashboard,Mozilla/5.0 (X11; Linux x86_64),{'Host': 'example.com'},,200,241,Normal,False,0.0,[]
fba2fb96-ed81-4938-8efd-0bc79548527e,2026-01-07 09:05:06.205260,192.168.1.12,GET,/goggle.com/login,Python-urllib/3.8,{'Host': 'example.com'},,404,491,Typosquatting,False,0.0,[]
f8e5387b-e853-468a-8b80-904f43d75c6f,2026-01-07 09:06:25.205260,192.168.1.9,GET,/contact,curl/7.68.0,{'Host': 'example.com'},,200,1432,Normal,False,0.0,[]
11c14407-671d-4f22-ac4d-7e85e3393696,2026-01-07 09:11:01.205260,192.168.1.11,GET,/ping?ip=127.0.0.1$(whoami),Mozilla/5.0 (Macintosh; Intel Mac OS X 10_15_7),{'Host': 'example.com'},,500,137,CmdInjection,False,0.0,[]
54063624-5b52-42d9-a7c6-bf49253df574,2026-01-07 09:11:46.205260,192.168.1.15,GET,/api/data,curl/7.68.0,{'Host': 'example.com'},,200,599,Normal,False,0.0,[]
5ed2b796-c62e-4e03-bb7e-48cd30d6279c,2026-01-07 09:15:01.205260,192.168.1.11,GET,/api/data,Mozilla/5.0 (Macintosh; Intel Mac OS X 10_15_7),{'Host': 'example.com'},,200,1842,Normal,False,0.0,[]
0d775462-96d0-4147-a3ed-1eecaa7ae239,2026-01-07 09:19:11.205260,192.168.1.9,GET,/dashboard,curl/7.68.0,{'Host': 'example.com'},,200,797,Normal,False,0.0,[]
e50ac793-8d9d-400b-a604-5873fa7ff47b,2026-01-07 09:21:33.205260,192.168.1.3,GET,/contact,Mozilla/5.0 (Macintosh; Intel Mac OS X 10_15_7),{'Host': 'example.com'},,200,491,Normal,False,0.0,[]
cf042caa-90e8-4b22-9559-2244e808fb12,2026-01-07 09:25:02.205260,192.168.1.16,GET,/login,Python-urllib/3.8,{'Host': 'example.com'},,200,1514,Normal,False,0.0,[]
c2206277-ebb6-4d13-9ab1-89034413c7a7,2026-01-07 09:28:52.205260,192.168.1.10,POST,/login,curl/7.68.0,{'Host': 'example.com'},"' UNION SELECT null, version() --",500,124,SQLi,False,0.0,[]
c6b380a2-9bac-45a3-8292-96e5bd6cab14,2026-01-07 09:32:01.205260,192.168.1.14,GET,/contact,curl/7.68.0,{'Host': 'example.com'},,200,804,Normal,False,0.0,[]
6a941e1e-5872-4808-a840-cf2a4ded8458,2026-01-07 09:34:51.205260,192.168.1.10,GET,/api/data,Mozilla/5.0 (X11; Linux x86_64),{'Host': 'example.com'},,200,654,Normal,False,0.0,[]
c54f986d-20b8-4a3c-8b1e-17da5bb13527,2026-01-07 09:36:50.205260,192.168.1.4,GET,/login,curl/7.68.0,{'Host': 'example.com'},,200,746,Normal,False,0.0,[]
3f6b115c-ded4-4a9d-96a2-2784866798a9,2026-01-07 09:38:25.205260,192.168.1.19,GET,/api/data,curl/7.68.0,{'Host': 'example.com'},,200,666,Normal,False,0.0,[]
d6c225a0-2ead-4d8d-aeef-06246f50fa9b,2026-01-07 09:40:50.205260,192.168.1.6,GET,/goggle.com/login,Mozilla/5.0 (X11; Linux x86_64),{'Host': 'example.com'},,403,184,Typosquatting,False,0.0,[]
f7133b45-5b73-4c49-a28f-9d6c07103af5,2026-01-07 09:40:58.205260,192.168.1.5,GET,/search?q=<script>alert(1)</script>,Python-urllib/3.8,{'Host': 'example.com'},,500,149,XSS,False,0.0,[]
2af32acd-0ac4-4cad-8ac1-ac2492f1f892,2026-01-07 09:41:51.205260,192.168.1.6,POST,/webhook?url=http://localhost:8080/admin,Mozilla/5.0 (Windows NT 10.0; Win64; x64),{'Host': 'example.com'},,404,174,SSRF,False,0.0,[]
9e6c7862-7ed5-4d64-b646-e8c60430ed92,2026-01-07 09:44:01.205260,192.168.1.3,GET,/ping?ip=127.0.0.1; cat /etc/passwd,curl/7.68.0,{'Host': 'example.com'},,404,251,CmdInjection,False,0.0,[]
8b4dcb45-019d-4f2f-a2a2-df755ef099b7,2026-01-07 09:44:29.205260,192.168.1.3,GET,/contact,Mozilla/5.0 (Macintosh; Intel Mac OS X 10_15_7),{'Host': 'example.com'},,200,722,Normal,False,0.0,[]
a9b488c9-252c-49b6-9fd1-8b2bbb17cc9e,2026-01-07 09:45:30.205260,192.168.1.20,GET,/api/data,curl/7.68.0,{'Host': 'example.com'},,200,1341,Normal,False,0.0,[]
dc7ec7d2-948e-4ac1-884b-60c0abb620f4,2026-01-07 09:47:26.205260,192.168.1.19,GET,/ping?ip=127.0.0.1| ipconfig,Python-urllib/3.8,{'Host': 'example.com'},,404,440,CmdInjection,False,0.0,[]
ed7be7d2-d9cb-4c8b-b384-158a4c61a43f,2026-01-07 09:50:03.205260,192.168.1.4,GET,/home,Mozilla/5.0 (Macintosh; Intel Mac OS X 10_15_7),{'Host': 'example.com'},,200,1348,Normal,False,0.0,[]
2d2f80d5-3d60-498a-b167-ccfd4d447472,2026-01-07 09:51:52.205260,192.168.1.8,GET,/home,Mozilla/5.0 (Macintosh; Intel Mac OS X 10_15_7),{'Host': 'example.com'},,200,421,Normal,False,0.0,[]
d39c70ab-4c89-4b20-b118-9d285a4a3a80,2026-01-07 09:56:35.205260,192.168.1.15,GET,/home,curl/7.68.0,{'Host': 'example.com'},,200,936,Normal,False,0.0,[]
9f81f888-0e88-4dde-a10b-fcccc3760dd3,2026-01-07 10:00:36.205260,192.168.1.10,GET,/login,Python-urllib/3.8,{'Host': 'example.com'},,200,690,Normal,False,0.0,[]
2e09a086-43c2-4362-be94-c773a67352d8,2026-01-07 10:01:13.205260,192.168.1.18,GET,/download?file=../../../../etc/passwd,Mozilla/5.0 (Macintosh; Intel Mac OS X 10_15_7),{'Host': 'example.com'},,404,58,Traversal,False,0.0,[]
aaf38799-7d03-451b-b24d-d95dc1af96bf,2026-01-07 10:02:30.205260,192.168.1.10,GET,/goggle.com/login,curl/7.68.0,{'Host': 'example.com'},,403,84,Typosquatting,False,0.0,[]
52b9c987-c173-4fd1-8dc8-b656314d6a6a,2026-01-07 10:07:22.205260,192.168.1.13,GET,/ping?ip=127.0.0.1$(whoami),Mozilla/5.0 (X11; Linux x86_64),{'Host': 'example.com'},,404,358,CmdInjection,False,0.0,[]
f27b5e39-8386-4478-8c7b-b256ce014488,2026-01-07 10:11:39.205260,192.168.1.20,GET,/api/data,Mozilla/5.0 (Windows NT 10.0; Win64; x64),{'Host': 'example.com'},,200,264,Normal,False,0.0,[]
c87720f6-c02e-4571-9b61-a97a13fb4432,2026-01-07 10:15:21.205260,192.168.1.19,POST,/webhook?url=http://169.254.169.254/latest/meta-data/,curl/7.68.0,{'Host': 'example.com'},,403,492,SSRF,False,0.0,[]
3068529d-8ecd-44da-8f72-f27edd95522d,2026-01-07 10:15:32.205260,192.168.1.6,GET,/api/users?id=1&id=2,Python-urllib/3.8,{'Host': 'example.com'},,500,20,HPP,False,0.0,[]
c2a0e714-c1df-4c1d-b660-f89294d1b61b,2026-01-07 10:19:58.205260,192.168.1.16,GET,/download?file=..%2f..%2fwindows%2fwin.ini,Mozilla/5.0 (Windows NT 10.0; Win64; x64),{'Host': 'example.com'},,500,416,Traversal,False,0.0,[]
9643faec-058f-4292-9e87-a823e81fd26c,2026-01-07 10:23:59.205260,192.168.1.4,GET,/dashboard,Mozilla/5.0 (Macintosh; Intel Mac OS X 10_15_7),{'Host': 'example.com'},,200,757,Normal,False,0.0,[]
7bbcaaa3-66dc-40a9-8905-8e099de4e217,2026-01-07 10:26:48.205260,192.168.1.13,GET,/api/data,curl/7.68.0,{'Host': 'example.com'},,200,690,Normal,False,0.0,[]
3aeb371d-7a05-4248-828c-f930eceede71,2026-01-07 10:27:07.205260,192.168.1.11,GET,/dashboard,Mozilla/5.0 (Windows NT 10.0; Win64; x64),{'Host': 'example.com'},,200,616,Normal,False,0.0,[]
403b6d1b-452d-490e-9be1-dad82752921f,2026-01-07 10:30:34.205260,192.168.1.18,GET,/goggle.com/login,Python-urllib/3.8,{'Host': 'example.com'},,500,445,Typosquatting,False,0.0,[]
b3e19295-9b5d-4a32-b3db-c1fcffc40086,2026-01-07 10:34:06.205260,192.168.1.20,GET,/contact,Python-urllib/3.8,{'Host': 'example.com'},,200,840,Normal,False,0.0,[]
1cd7bd20-6f03-41f5-b523-18912b246d7f,2026-01-07 10:37:53.205260,192.168.1.16,GET,/search?q=<script>alert(1)</script>,Mozilla/5.0 (Windows NT 10.0; Win64; x64),{'Host': 'example.com'},,404,224,XSS,False,0.0,[]
af1bb6ed-c345-4e4f-9146-b80b3ddf79dc,2026-01-07 10:38:08.205260,192.168.1.1,POST,/webhook?url=http://169.254.169.254/latest/meta-data/,curl/7.68.0,{'Host': 'example.com'},,404,282,SSRF,False,0.0,[]
44d71103-cd78-4dcf-bad0-0d74174138ce,2026-01-07 10:41:37.205260,192.168.1.4,GET,/home,Mozilla/5.0 (Macintosh; Intel Mac OS X 10_15_7),{'Host': 'example.com'},,200,1045,Normal,False,0.0,[]
9d7617c8-c9ba-4184-8b23-ae42f560548a,2026-01-07 10:45:53.205260,192.168.1.16,GET,/download?file=..%2f..%2fwindows%2fwin.ini,Python-urllib/3.8,{'Host': 'example.com'},,404,427,Traversal,False,0.0,[]
9eea0dae-1891-4fbf-b37a-16789a96cb43,2026-01-07 10:47:58.205260,192.168.1.7,GET,/login,curl/7.68.0,{'Host': 'example.com'},,200,885,Normal,False,0.0,[]
dd0e1330-a757-42da-819b-4d77b51fd8fe,2026-01-07 10:52:19.205260,192.168.1.17,GET,/search?q=<img src=x onerror=alert(1)>,Mozilla/5.0 (X11; Linux x86_64),{'Host': 'example.com'},,404,174,XSS,False,0.0,[]
269d2b11-473d-4b82-a778-3482ce042c51,2026-01-07 10:52:21.205260,192.168.1.19,GET,/dashboard,curl/7.68.0,{'Host': 'example.com'},,200,1815,Normal,False,0.0,[]
912d3ba1-dcfb-4ffb-9aa9-8915ba7ed66f,2026-01-07 10:56:32.205260,192.168.1.18,GET,/ping?ip=127.0.0.1| ipconfig,Python-urllib/3.8,{'Host': 'example.com'},,404,282,CmdInjection,False,0.0,[]
9d8ad552-da9f-4873-bd58-c4aa6a472b24,2026-01-07 11:00:26.205260,192.168.1.19,GET,/goggle.com/login,Python-urllib/3.8,{'Host': 'example.com'},,500,122,Typosquatting,False,0.0,[]
685ac0d4-ec92-4167-bab2-2e279bfe7df3,2026-01-07 11:02:26.205260,192.168.1.13,GET,/ping?ip=127.0.0.1$(whoami),Python-urllib/3.8,{'Host': 'example.com'},,200,35996,CmdInjection,True,0.0,[]
e1b5f848-74a5-4a4a-8204-5e87cb05fa0e,2026-01-07 11:03:44.205260,192.168.1.17,GET,/home,curl/7.68.0,{'Host': 'example.com'},,200,358,Normal,False,0.0,[]
af0db4d5-d35b-4541-9201-ab3feb6b280c,2026-01-07 11:06:34.205260,192.168.1.15,GET,/goggle.com/login,Mozilla/5.0 (Windows NT 10.0; Win64; x64),{'Host': 'example.com'},,403,269,Typosquatting,False,0.0,[]
22b977d0-3d73-413d-bda3-d98185f4bc92,2026-01-07 11:07:48.205260,192.168.1.16,GET,/login,Mozilla/5.0 (X11; Linux x86_64),{'Host': 'example.com'},,200,253,Normal,False,0.0,[]
1012de6b-4386-4c69-bc7c-e6f972be9da4,2026-01-07 11:10:42.205260,192.168.1.18,GET,/ping?ip=127.0.0.1| ipconfig,Python-urllib/3.8,{'Host': 'example.com'},,500,439,CmdInjection,False,0.0,[]
cc1e2227-d642-41a0-b8f4-5b679855dac8,2026-01-07 11:13:25.205260,192.168.1.20,GET,/goggle.com/login,Mozilla/5.0 (Windows NT 10.0; Win64; x64),{'Host': 'example.com'},,500,18,Typosquatting,False,0.0,[]
1bfe0e84-cea9-4daf-9ca5-4ca72447a334,2026-01-07 11:15:26.205260,192.168.1.4,GET,/download?file=../../../../etc/passwd,Mozilla/5.0 (Windows NT 10.0; Win64; x64),{'Host': 'example.com'},,404,500,Traversal,False,0.0,[]
d90d9fac-313a-44c3-afe8-a479c2f19084,2026-01-07 11:19:14.205260,192.168.1.1,GET,/dashboard,Mozilla/5.0 (Windows NT 10.0; Win64; x64),{'Host': 'example.com'},,200,1950,Normal,False,0.0,[]
83f67a3c-c373-47c2-957e-c2345495ef2a,2026-01-07 11:22:01.205260,192.168.1.17,GET,/download?file=..%2f..%2fwindows%2fwin.ini,Python-urllib/3.8,{'Host': 'example.com'},,403,125,Traversal,False,0.0,[]
87a30f96-ebeb-4f33-bdf2-03ad3d2f90bf,2026-01-07 11:26:51.205260,192.168.1.13,GET,/search?q=<script>alert(1)</script>,curl/7.68.0,{'Host': 'example.com'},,500,445,XSS,False,0.0,[]
53853e70-5e2d-4ba2-a4db-395a97c7ea04,2026-01-07 11:28:55.205260,192.168.1.8,GET,/contact,Python-urllib/3.8,{'Host': 'example.com'},,200,393,Normal,False,0.0,[]
e57a2ec5-326f-43e9-a5eb-608a4a47541d,2026-01-07 11:31:06.205260,192.168.1.15,GET,/home,Mozilla/5.0 (X11; Linux x86_64),{'Host': 'example.com'},,200,1940,Normal,False,0.0,[]
1ab63920-671f-4b43-b742-82029829e79d,2026-01-07 11:35:46.205260,192.168.1.19,GET,/api/data,Mozilla/5.0 (X11; Linux x86_64),{'Host': 'example.com'},,200,807,Normal,False,0.0,[]
a0cfc7d9-e2d7-4cc2-a44d-fb6410a679e8,2026-01-07 11:39:24.205260,192.168.1.16,GET,/ping?ip=127.0.0.1; cat /etc/passwd,Mozilla/5.0 (Windows NT 10.0; Win64; x64),{'Host': 'example.com'},,404,436,CmdInjection,False,0.0,[]
3c9ed209-dcf0-4137-a0a5-f2be1df42697,2026-01-07 11:41:26.205260,192.168.1.10,GET,/dashboard,Mozilla/5.0 (X11; Linux x86_64),{'Host': 'example.com'},,200,1277,Normal,False,0.0,[]
249b29dc-b5df-4882-9128-be6d4b898e26,2026-01-07 11:41:38.205260,192.168.1.2,GET,/api/users?id=1&id=2,curl/7.68.0,{'Host': 'example.com'},,403,289,HPP,False,0.0,[]
b5545c4e-fe22-4960-9c77-7c568247a6ee,2026-01-07 11:45:53.205260,192.168.1.12,GET,/download?file=../../../../etc/passwd,Mozilla/5.0 (Macintosh; Intel Mac OS X 10_15_7),{'Host': 'example.com'},,500,410,Traversal,False,0.0,[]
ba70bd63-8441-462a-80ad-87b27b0e534b,2026-01-07 11:47:31.205260,192.168.1.5,GET,/api/users?id=1&id=2,Mozilla/5.0 (Windows NT 10.0; Win64; x64),{'Host': 'example.com'},,500,348,HPP,False,0.0,[]
c2c619c1-c0a3-48f4-b89a-f2aef27f6ce3,2026-01-07 11:47:52.205260,192.168.1.19,GET,/api/data,Mozilla/5.0 (X11; Linux x86_64),{'Host': 'example.com'},,200,168,Normal,False,0.0,[]
50b2176a-c161-4970-8dc8-4bf5ce2d304b,2026-01-07 11:49:00.205260,192.168.1.14,GET,/dashboard,Mozilla/5.0 (Macintosh; Intel Mac OS X 10_15_7),{'Host': 'example.com'},,200,769,Normal,False,0.0,[]
ae3c7061-6fb5-4f5d-8eed-d37e8fdfb881,2026-01-07 11:50:43.205260,192.168.1.12,GET,/contact,curl/7.68.0,{'Host': 'example.com'},,200,1894,Normal,False,0.0,[]
244e2210-ce72-45d3-a3e9-2cfb9d5a8b7f,2026-01-07 11:55:00.205260,192.168.1.10,GET,/goggle.com/login,Mozilla/5.0 (X11; Linux x86_64),{'Host': 'example.com'},,404,495,Typosquatting,False,0.0,[]
89fc65a7-149a-4b07-8fed-b57b817b168f,2026-01-07 11:55:59.205260,192.168.1.8,GET,/home,Python-urllib/3.8,{'Host': 'example.com'},,200,388,Normal,False,0.0,[]
cbe45a0f-581b-4bba-a8a1-57ff50af8d34,2026-01-07 12:00:45.205260,192.168.1.9,GET,/api/data,curl/7.68.0,{'Host': 'example.com'},,200,128,Normal,False,0.0,[]
2f7c8f41-dea6-4fee-a54c-1c2aceaea548,2026-01-07 12:01:49.205260,192.168.1.13,GET,/dashboard,Mozilla/5.0 (X11; Linux x86_64),{'Host': 'example.com'},,200,1297,Normal,False,0.0,[]
bcaee8f0-cab3-44ba-b63f-25f6dda166ec,2026-01-07 12:02:45.205260,192.168.1.20,GET,/ping?ip=127.0.0.1$(whoami),Mozilla/5.0 (Macintosh; Intel Mac OS X 10_15_7),{'Host': 'example.com'},,200,26496,CmdInjection,True,0.0,[]
eb57d86d-9ed7-44bc-86ca-8dc35483dca6,2026-01-07 12:03:18.205260,192.168.1.4,GET,/ping?ip=127.0.0.1| ipconfig,Mozilla/5.0 (Macintosh; Intel Mac OS X 10_15_7),{'Host': 'example.com'},,500,209,CmdInjection,False,0.0,[]
f5105577-0a51-4dde-8435-44cc5e8a6f75,2026-01-07 12:03:42.205260,192.168.1.18,GET,/download?file=../../../../etc/passwd,Mozilla/5.0 (Macintosh; Intel Mac OS X 10_15_7),{'Host': 'example.com'},,403,120,Traversal,False,0.0,[]
828509f7-536d-44a3-a240-3c3e5b2c2ef4,2026-01-07 12:07:01.205260,192.168.1.19,GET,/contact,Mozilla/5.0 (Macintosh; Intel Mac OS X 10_15_7),{'Host': 'example.com'},,200,958,Normal,False,0.0,[]
08caa1ff-0094-4c66-b220-8638788bf0d5,2026-01-07 12:10:34.205260,192.168.1.9,GET,/goggle.com/login,Mozilla/5.0 (Windows NT 10.0; Win64; x64),{'Host': 'example.com'},,404,480,Typosquatting,False,0.0,[]
51b97a91-5ee0-4325-bdde-86e18fd75d1d,2026-01-07 12:13:44.205260,192.168.1.12,GET,/api/data,Mozilla/5.0 (Windows NT 10.0; Win64; x64),{'Host': 'example.com'},,200,583,Normal,False,0.0,[]
c9c3fa32-2cfd-47d0-84ef-7e8e83a15371,2026-01-07 12:16:53.205260,192.168.1.13,GET,/dashboard,Mozilla/5.0 (X11; Linux x86_64),{'Host': 'example.com'},,200,224,Normal,False,0.0,[]
4bb95981-aef2-4343-9ee7-d3f58b0de4dd,2026-01-07 12:18:31.205260,192.168.1.7,GET,/goggle.com/login,curl/7.68.0,{'Host': 'example.com'},,403,339,Typosquatting,False,0.0,[]
3d0d6eaa-fd93-4f23-b840-61fac598baac,2026-01-07 12:18:42.205260,192.168.1.5,GET,/dashboard,curl/7.68.0,{'Host': 'example.com'},,200,598,Normal,False,0.0,[]
bd7693fe-668a-416d-ab33-74ea48d9303b,2026-01-07 12:20:28.205260,192.168.1.19,GET,/contact,Mozilla/5.0 (Macintosh; Intel Mac OS X 10_15_7),{'Host': 'example.com'},,200,524,Normal,False,0.0,[]
f1ef8919-8a50-45fe-8e1d-1c4a87c92696,2026-01-07 12:22:28.205260,192.168.1.20,GET,/login,Mozilla/5.0 (Windows NT 10.0; Win64; x64),{'Host': 'example.com'},,200,1715,Normal,False,0.0,[]
1c1bb419-4ef4-46c1-bb64-dd0a90220db7,2026-01-07 12:24:50.205260,192.168.1.1,GET,/search?q=<img src=x onerror=alert(1)>,Mozilla/5.0 (Macintosh; Intel Mac OS X 10_15_7),{'Host': 'example.com'},,403,56,XSS,False,0.0,[]
ac700487-2f2e-40f1-baff-38ffe6b44dfd,2026-01-07 12:24:58.205260,192.168.1.11,GET,/login,Mozilla/5.0 (Windows NT 10.0; Win64; x64),{'Host': 'example.com'},,200,1305,Normal,False,0.0,[]
98dac708-2f89-4f27-9df7-3b2fa00d2f66,2026-01-07 12:26:28.205260,192.168.1.14,GET,/login,curl/7.68.0,{'Host': 'example.com'},,200,1619,Normal,False,0.0,[]
2a68c32c-fe0f-402a-905c-392ad58368ed,2026-01-07 12:27:27.205260,192.168.1.4,GET,/ping?ip=127.0.0.1| ipconfig,Python-urllib/3.8,{'Host': 'example.com'},,500,303,CmdInjection,False,0.0,[]
2a676bd3-bb47-4978-9ee3-7986bf10cb0a,2026-01-07 12:31:45.205260,192.168.1.17,GET,/contact,Mozilla/5.0 (X11; Linux x86_64),{'Host': 'example.com'},,200,188,Normal,False,0.0,[]
513f0bcc-a7a9-443f-a3dc-47617d550917,2026-01-07 12:35:40.205260,192.168.1.14,POST,/login,Mozilla/5.0 (Windows NT 10.0; Win64; x64),{'Host': 'example.com'},"' UNION SELECT null, version() --",200,31320,SQLi,True,0.0,[]
8e4dce1a-a1f5-4176-9781-a1b3324b7dd3,2026-01-07 12:39:52.205260,192.168.1.20,GET,/ping?ip=127.0.0.1; cat /etc/passwd,Mozilla/5.0 (Macintosh; Intel Mac OS X 10_15_7),{'Host': 'example.com'},,200,26109,CmdInjection,True,0.0,[]
86f885ac-2c69-45e5-ba5c-44e58baf325c,2026-01-07 12:40:26.205260,192.168.1.19,GET,/contact,curl/7.68.0,{'Host': 'example.com'},,200,1396,Normal,False,0.0,[]
d48edbc9-33bf-4357-8b2e-08468841afdb,2026-01-07 12:43:13.205260,192.168.1.10,GET,/contact,Python-urllib/3.8,{'Host': 'example.com'},,200,1186,Normal,False,0.0,[]
96dfcddb-beaf-4b31-8365-463de820d4f0,2026-01-07 12:47:32.205260,192.168.1.18,POST,/login,Mozilla/5.0 (Macintosh; Intel Mac OS X 10_15_7),{'Host': 'example.com'},' OR 1=1 --,500,333,SQLi,False,0.0,[]
dbbc5adc-13a6-4c0d-8995-dbd879827db3,2026-01-07 12:51:13.205260,192.168.1.11,GET,/login,Python-urllib/3.8,{'Host': 'example.com'},,200,947,Normal,False,0.0,[]
14a3e08f-dee9-4de0-9ac6-34170d748974,2026-01-07 12:54:38.205260,192.168.1.14,GET,/home,Mozilla/5.0 (X11; Linux x86_64),{'Host': 'example.com'},,200,740,Normal,False,0.0,[]
61a80b44-d29d-4172-8412-752f507fa798,2026-01-07 12:56:49.205260,192.168.1.16,GET,/login,Mozilla/5.0 (Windows NT 10.0; Win64; x64),{'Host': 'example.com'},,200,1506,Normal,False,0.0,[]
393cb9c7-b062-494c-a452-b4bb89860451,2026-01-07 12:57:36.205260,192.168.1.5,POST,/login,curl/7.68.0,{'Host': 'example.com'},admin' --,500,190,SQLi,False,0.0,[]
44e42704-76bf-47ff-9ce4-5e850b1361e3,2026-01-07 12:58:07.205260,192.168.1.11,GET,/contact,Mozilla/5.0 (Windows NT 10.0; Win64; x64),{'Host': 'example.com'},,200,1250,Normal,False,0.0,[]
5ec770cd-8507-496b-8384-3de336a22dee,2026-01-07 13:01:38.205260,192.168.1.2,GET,/api/data,Mozilla/5.0 (X11; Linux x86_64),{'Host': 'example.com'},,200,1877,Normal,False,0.0,[]
dfe4fde8-eb1d-4e32-b8a4-e17124e3987a,2026-01-07 13:04:18.205260,192.168.1.7,GET,/contact,Mozilla/5.0 (Macintosh; Intel Mac OS X 10_15_7),{'Host': 'example.com'},,200,1139,Normal,False,0.0,[]
df0d66f9-7eae-4ba4-b095-4c83d9f8d297,2026-01-07 13:08:25.205260,192.168.1.18,GET,/home,Mozilla/5.0 (X11; Linux x86_64),{'Host': 'example.com'},,200,817,Normal,False,0.0,[]
917a83da-7a1d-40b8-b98e-1e837d8b75f8,2026-01-07 13:09:24.205260,192.168.1.20,POST,/webhook?url=http://localhost:8080/admin,curl/7.68.0,{'Host': 'example.com'},,500,498,SSRF,False,0.0,[]
9459f1df-d8f7-4663-b7a6-3ac2bfd79f47,2026-01-07 13:14:10.205260,192.168.1.6,GET,/dashboard,Mozilla/5.0 (X11; Linux x86_64),{'Host': 'example.com'},,200,159,Normal,False,0.0,[]
10790caf-3ab4-4936-96ce-223c8d7ce2a4,2026-01-07 13:16:49.205260,192.168.1.13,GET,/download?file=../../../../etc/passwd,Mozilla/5.0 (Windows NT 10.0; Win64; x64),{'Host': 'example.com'},,200,42114,Traversal,True,0.0,[]
c8d879dd-c019-4ea2-a448-0b5352f57491,2026-01-07 13:18:02.205260,192.168.1.13,POST,/login,Python-urllib/3.8,{'Host': 'example.com'},admin' --,200,19098,SQLi,True,0.0,[]
6d3a36ea-91b8-4a4b-a1ad-1da1f2f742ee,2026-01-07 13:21:55.205260,192.168.1.11,GET,/dashboard,curl/7.68.0,{'Host': 'example.com'},,200,738,Normal,False,0.0,[]
f2280372-5699-4d26-bd69-b9436764dd79,2026-01-07 13:22:39.205260,192.168.1.9,GET,/search?q=<script>alert(1)</script>,Python-urllib/3.8,{'Host': 'example.com'},,500,41,XSS,False,0.0,[]
22005333-a6b6-4241-9a07-11fade377466,2026-01-07 13:26:17.205260,192.168.1.9,GET,/api/data,Mozilla/5.0 (Macintosh; Intel Mac OS X 10_15_7),{'Host': 'example.com'},,200,948,Normal,False,0.0,[]
56723efd-d6fc-45b4-8511-982c80fac97a,2026-01-07 13:30:40.205260,192.168.1.10,GET,/api/data,curl/7.68.0,{'Host': 'example.com'},,200,327,Normal,False,0.0,[]
36f74432-87e3-419f-af85-2cf93602aa5a,2026-01-07 13:34:50.205260,192.168.1.8,GET,/dashboard,Python-urllib/3.8,{'Host': 'example.com'},,200,193,Normal,False,0.0,[]
02095e3e-fa44-46e6-9e2f-318387e173c5,2026-01-07 13:35:19.205260,192.168.1.5,GET,/dashboard,Mozilla/5.0 (X11; Linux x86_64),{'Host': 'example.com'},,200,532,Normal,False,0.0,[]
1fb01517-eb57-4088-9194-405581de6bbb,2026-01-07 13:37:48.205260,192.168.1.14,GET,/home,Mozilla/5.0 (Macintosh; Intel Mac OS X 10_15_7),{'Host': 'example.com'},,200,1118,Normal,False,0.0,[]
f72e97ea-140f-47c4-893f-4d4c1dfa75c1,2026-01-07 13:38:55.205260,192.168.1.18,GET,/login,Mozilla/5.0 (X11; Linux x86_64),{'Host': 'example.com'},,200,1124,Normal,False,0.0,[]
6e12e32d-150d-4dc2-8c11-e117a11cdf28,2026-01-07 13:39:32.205260,192.168.1.1,GET,/home,Python-urllib/3.8,{'Host': 'example.com'},,200,993,Normal,False,0.0,[]
f6783581-8c58-4a73-800f-f798b05ea1c3,2026-01-07 13:40:12.205260,192.168.1.14,POST,/webhook?url=http://localhost:8080/admin,Mozilla/5.0 (X11; Linux x86_64),{'Host': 'example.com'},,500,327,SSRF,False,0.0,[]
1ee75483-d273-4936-9719-e303f0f5860f,2026-01-07 13:41:11.205260,192.168.1.20,GET,/dashboard,Python-urllib/3.8,{'Host': 'example.com'},,200,451,Normal,False,0.0,[]
03872cd9-c16c-48bd-bd6a-7662e27a822e,2026-01-07 13:44:17.205260,192.168.1.14,GET,/home,curl/7.68.0,{'Host': 'example.com'},,200,598,Normal,False,0.0,[]
7580629c-de9e-4396-8a95-49d4ca67e2ba,2026-01-07 13:47:43.205260,192.168.1.10,GET,/api/data,Mozilla/5.0 (X11; Linux x86_64),{'Host': 'example.com'},,200,1882,Normal,False,0.0,[]
5f31c321-bf46-4ad3-a5e8-e171a70bd58b,2026-01-07 13:49:37.205260,192.168.1.17,GET,/login,Mozilla/5.0 (Windows NT 10.0; Win64; x64),{'Host': 'example.com'},,200,256,Normal,False,0.0,[]
3ce064c5-2c75-4eb9-957a-17e4848cb7ef,2026-01-07 13:54:09.205260,192.168.1.5,GET,/dashboard,Mozilla/5.0 (Macintosh; Intel Mac OS X 10_15_7),{'Host': 'example.com'},,200,819,Normal,False,0.0,[]
dc5eaf66-e023-4eec-93bf-f4f873f53713,2026-01-07 13:55:02.205260,192.168.1.20,GET,/login,Mozilla/5.0 (Macintosh; Intel Mac OS X 10_15_7),{'Host': 'example.com'},,200,455,Normal,False,0.0,[]
793fac65-2d84-44ec-bba4-49c0fd6c6638,2026-01-07 13:55:41.205260,192.168.1.19,GET,/api/data,curl/7.68.0,{'Host': 'example.com'},,200,1050,Normal,False,0.0,[]
b404bbc6-281e-465b-aee2-c71e5fc266aa,2026-01-07 13:59:31.205260,192.168.1.5,POST,/webhook?url=http://localhost:8080/admin,Python-urllib/3.8,{'Host': 'example.com'},,500,161,SSRF,False,0.0,[]
e0ad3285-3b5e-4c66-a9ca-170de4bf05cb,2026-01-07 14:00:06.205260,192.168.1.9,GET,/dashboard,curl/7.68.0,{'Host': 'example.com'},,200,1730,Normal,False,0.0,[]
190e63ae-b1bb-454d-9d2d-485c26fd39b2,2026-01-07 14:00:35.205260,192.168.1.15,GET,/home,Python-urllib/3.8,{'Host': 'example.com'},,200,735,Normal,False,0.0,[]
0fe4d25c-144e-4fbd-b963-04f97c402f8e,2026-01-07 14:00:55.205260,192.168.1.3,GET,/dashboard,curl/7.68.0,{'Host': 'example.com'},,200,257,Normal,False,0.0,[]
cfc62c1d-7aa8-4dac-b210-e7857252cd35,2026-01-07 14:05:15.205260,192.168.1.2,GET,/contact,Python-urllib/3.8,{'Host': 'example.com'},,200,1235,Normal,False,0.0,[]
a3f37bef-3148-4a4a-9b17-94fa67ab3a55,2026-01-07 14:10:08.205260,192.168.1.4,GET,/download?file=../../../../etc/passwd,Mozilla/5.0 (X11; Linux x86_64),{'Host': 'example.com'},,403,230,Traversal,False,0.0,[]
ee3e993f-3d89-4e14-8db3-dd369febf2ee,2026-01-07 14:10:52.205260,192.168.1.8,GET,/login,Python-urllib/3.8,{'Host': 'example.com'},,200,180,Normal,False,0.0,[]
3cb991d1-8778-48f1-be00-e1cd806dc046,2026-01-07 14:14:37.205260,192.168.1.12,GET,/contact,Mozilla/5.0 (X11; Linux x86_64),{'Host': 'example.com'},,200,425,Normal,False,0.0,[]
d9d66956-8ad9-464d-9f2d-64635027e37a,2026-01-07 14:17:02.205260,192.168.1.20,GET,/dashboard,Mozilla/5.0 (Windows NT 10.0; Win64; x64),{'Host': 'example.com'},,200,1490,Normal,False,0.0,[]
1990413e-94f7-45a3-a6d6-92e2f53b0ccd,2026-01-07 14:19:54.205260,192.168.1.13,GET,/home,Mozilla/5.0 (X11; Linux x86_64),{'Host': 'example.com'},,200,1242,Normal,False,0.0,[]
abdc30ca-b942-4f41-9233-92f609da12a3,2026-01-07 14:22:04.205260,192.168.1.5,GET,/api/users?id=1&id=2,Mozilla/5.0 (X11; Linux x86_64),{'Host': 'example.com'},,500,447,HPP,False,0.0,[]
3c26dd80-5292-4d59-b6d9-fe6d7caf03f3,2026-01-07 14:22:46.205260,192.168.1.12,GET,/login,Mozilla/5.0 (X11; Linux x86_64),{'Host': 'example.com'},,200,1977,Normal,False,0.0,[]
9ca5720c-60b7-4cf2-87af-2dce89955bb8,2026-01-07 14:26:07.205260,192.168.1.18,GET,/home,Python-urllib/3.8,{'Host': 'example.com'},,200,734,Normal,False,0.0,[]
eba3c2a6-85d2-4ca5-a628-d1c23b2c5172,2026-01-07 14:28:56.205260,192.168.1.17,GET,/api/users?id=1&id=2,Mozilla/5.0 (Windows NT 10.0; Win64; x64),{'Host': 'example.com'},,500,350,HPP,False,0.0,[]
1675f581-3164-4cd2-9e12-59fd5a171cb0,2026-01-07 14:32:33.205260,192.168.1.10,GET,/home,Mozilla/5.0 (Macintosh; Intel Mac OS X 10_15_7),{'Host': 'example.com'},,200,842,Normal,False,0.0,[]
33110d5b-7bca-40ee-9922-aff763da0456,2026-01-07 14:34:23.205260,192.168.1.8,GET,/api/data,Mozilla/5.0 (Macintosh; Intel Mac OS X 10_15_7),{'Host': 'example.com'},,200,493,Normal,False,0.0,[]
967dc7e5-7aed-4df3-a604-9e1e31cdd839,2026-01-07 14:35:43.205260,192.168.1.18,GET,/home,curl/7.68.0,{'Host': 'example.com'},,200,1139,Normal,False,0.0,[]
2331b5c2-b33a-4d81-8dc5-75d9ad5ee199,2026-01-07 14:36:03.205260,192.168.1.5,GET,/goggle.com/login,Mozilla/5.0 (Macintosh; Intel Mac OS X 10_15_7),{'Host': 'example.com'},,500,192,Typosquatting,False,0.0,[]
5f55194c-dacd-462d-a523-46708f514c84,2026-01-07 14:37:36.205260,192.168.1.15,GET,/goggle.com/login,Mozilla/5.0 (Windows NT 10.0; Win64; x64),{'Host': 'example.com'},,403,369,Typosquatting,False,0.0,[]
75e9dab5-7fa4-4c32-8fbd-cbafdff4d952,2026-01-07 14:41:07.205260,192.168.1.20,GET,/login,Mozilla/5.0 (X11; Linux x86_64),{'Host': 'example.com'},,200,1009,Normal,False,0.0,[]
62565af1-98a3-4a46-a60e-88a64331aac5,2026-01-07 14:44:57.205260,192.168.1.16,GET,/login,Mozilla/5.0 (Macintosh; Intel Mac OS X 10_15_7),{'Host': 'example.com'},,200,733,Normal,False,0.0,[]
12dd8431-b661-4c28-b58b-4273964fc2c7,2026-01-07 14:48:06.205260,192.168.1.13,POST,/webhook?url=http://localhost:8080/admin,curl/7.68.0,{'Host': 'example.com'},,404,398,SSRF,False,0.0,[]
5a2d34ee-dd83-4722-9f6a-46a547473c3e,2026-01-07 14:52:37.205260,192.168.1.7,GET,/login,curl/7.68.0,{'Host': 'example.com'},,200,1772,Normal,False,0.0,[]
0b57dfda-4095-4b9c-8b4e-dbebfd5d87a9,2026-01-07 14:53:48.205260,192.168.1.4,POST,/login,curl/7.68.0,{'Host': 'example.com'},"' UNION SELECT null, version() --",500,478,SQLi,False,0.0,[]
601b31f0-2f26-4129-b959-db1d7443f6e0,2026-01-07 14:54:52.205260,192.168.1.15,GET,/login,curl/7.68.0,{'Host': 'example.com'},,200,658,Normal,False,0.0,[]
9a142f96-1434-4e1d-88db-3352ae0dcd3c,2026-01-07 14:56:08.205260,192.168.1.12,POST,/login,Mozilla/5.0 (Windows NT 10.0; Win64; x64),{'Host': 'example.com'},' OR 1=1 --,404,452,SQLi,False,0.0,[]
339f6d09-0552-4646-ae11-8922c786381b,2026-01-07 14:59:41.205260,192.168.1.8,GET,/contact,Python-urllib/3.8,{'Host': 'example.com'},,200,865,Normal,False,0.0,[]
d2fc91a3-ff22-4b71-8b2b-416fb532fff7,2026-01-07 15:00:23.205260,192.168.1.4,GET,/home,Mozilla/5.0 (X11; Linux x86_64),{'Host': 'example.com'},,200,752,Normal,False,0.0,[]
037fa1f7-a6f4-40ba-abf2-10acbad6b6ca,2026-01-07 15:01:38.205260,192.168.1.16,GET,/dashboard,Mozilla/5.0 (Macintosh; Intel Mac OS X 10_15_7),{'Host': 'example.com'},,200,1978,Normal,False,0.0,[]
49cbc1f8-87d3-45fb-9bc5-83cb29049999,2026-01-07 15:05:39.205260,192.168.1.3,GET,/home,Mozilla/5.0 (Windows NT 10.0; Win64; x64),{'Host': 'example.com'},,200,1955,Normal,False,0.0,[]
1900e1fc-8437-4fa6-b491-1d95a60d5c5f,2026-01-07 15:07:51.205260,192.168.1.20,GET,/login,curl/7.68.0,{'Host': 'example.com'},,200,1223,Normal,False,0.0,[]
45224864-8b2a-43d5-8f61-d7f905477e40,2026-01-07 15:11:28.205260,192.168.1.10,GET,/dashboard,Mozilla/5.0 (Windows NT 10.0; Win64; x64),{'Host': 'example.com'},,200,586,Normal,False,0.0,[]
aaaf05c1-7a58-4c16-8f3d-80f2b22edeae,2026-01-07 15:11:53.205260,192.168.1.3,GET,/contact,Mozilla/5.0 (Windows NT 10.0; Win64; x64),{'Host': 'example.com'},,200,1036,Normal,False,0.0,[]
d69b11b3-546f-4384-b732-63812f0beba1,2026-01-07 15:16:09.205260,192.168.1.17,GET,/home,curl/7.68.0,{'Host': 'example.com'},,200,1394,Normal,False,0.0,[]
2631bb29-b9fd-4b89-b909-8606642a44e1,2026-01-07 15:18:13.205260,192.168.1.14,GET,/download?file=..%2f..%2fwindows%2fwin.ini,Mozilla/5.0 (Macintosh; Intel Mac OS X 10_15_7),{'Host': 'example.com'},,403,292,Traversal,False,0.0,[]
4e07b382-7d8d-433d-a56c-49d08f6512e0,2026-01-07 15:18:57.205260,192.168.1.17,GET,/dashboard,curl/7.68.0,{'Host': 'example.com'},,200,238,Normal,False,0.0,[]
ea98095b-1009-4dc8-a216-e491001f0a9a,2026-01-07 15:23:17.205260,192.168.1.13,POST,/webhook?url=http://localhost:8080/admin,Mozilla/5.0 (X11; Linux x86_64),{'Host': 'example.com'},,404,22,SSRF,False,0.0,[]
b6e5f08f-bcd0-45ec-8b5d-45bd1397176f,2026-01-07 15:25:27.205260,192.168.1.4,GET,/download?file=..%2f..%2fwindows%2fwin.ini,curl/7.68.0,{'Host': 'example.com'},,403,375,Traversal,False,0.0,[]
e6810c85-b19e-4847-9a78-ae9033ef9142,2026-01-07 15:28:18.205260,192.168.1.11,GET,/dashboard,Mozilla/5.0 (Macintosh; Intel Mac OS X 10_15_7),{'Host': 'example.com'},,200,1218,Normal,False,0.0,[]
4372f60f-f693-432d-87b7-68b8e7afe1c6,2026-01-07 15:32:16.205260,192.168.1.15,GET,/ping?ip=127.0.0.1; cat /etc/passwd,Mozilla/5.0 (Windows NT 10.0; Win64; x64),{'Host': 'example.com'},,403,366,CmdInjection,False,0.0,[]
4a4eac31-04cb-494c-a357-c3630c38705f,2026-01-07 15:34:47.205260,192.168.1.2,GET,/login,Mozilla/5.0 (X11; Linux x86_64),{'Host': 'example.com'},,200,1914,Normal,False,0.0,[]
bb0cb9af-0372-4593-a266-b63d8eef07f3,2026-01-07 15:37:26.205260,192.168.1.9,GET,/contact,Mozilla/5.0 (Windows NT 10.0; Win64; x64),{'Host': 'example.com'},,200,1069,Normal,False,0.0,[]
607e6a1d-517c-4cb5-a824-c470cbbf5838,2026-01-07 15:39:04.205260,192.168.1.11,GET,/home,Mozilla/5.0 (X11; Linux x86_64),{'Host': 'example.com'},,200,1873,Normal,False,0.0,[]
b89f8d35-07c3-43a5-b971-1c665c54c824,2026-01-07 15:40:08.205260,192.168.1.13,GET,/ping?ip=127.0.0.1$(whoami),Mozilla/5.0 (X11; Linux x86_64),{'Host': 'example.com'},,404,458,CmdInjection,False,0.0,[]
9a2e85a2-05a2-4249-b10a-ecc308e132e9,2026-01-07 15:41:44.205260,192.168.1.17,GET,/api/data,Mozilla/5.0 (X11; Linux x86_64),{'Host': 'example.com'},,200,852,Normal,False,0.0,[]
1f2a6cda-d11e-43ca-b4bb-ae251ab3aaa9,2026-01-07 15:42:27.205260,192.168.1.11,POST,/login,Mozilla/5.0 (Windows NT 10.0; Win64; x64),{'Host': 'example.com'},' OR 1=1 --,500,150,SQLi,False,0.0,[]
6510973a-0db2-47e1-abd3-b52859143135,2026-01-07 15:43:08.205260,192.168.1.15,GET,/dashboard,curl/7.68.0,{'Host': 'example.com'},,200,727,Normal,False,0.0,[]
8a4e099a-3f92-49c4-b911-45fe05d44fd8,2026-01-07 15:46:47.205260,192.168.1.15,GET,/api/data,Mozilla/5.0 (Windows NT 10.0; Win64; x64),{'Host': 'example.com'},,200,819,Normal,False,0.0,[]
88eda856-9ddf-4328-b1b5-d1efa9c97126,2026-01-07 15:49:48.205260,192.168.1.13,GET,/ping?ip=127.0.0.1; cat /etc/passwd,Mozilla/5.0 (X11; Linux x86_64),{'Host': 'example.com'},,403,343,CmdInjection,False,0.0,[]
bbc98c86-3699-4211-b3d5-c16853bcd216,2026-01-07 15:54:11.205260,192.168.1.20,GET,/api/users?id=1&id=2,Python-urllib/3.8,{'Host': 'example.com'},,403,73,HPP,False,0.0,[]
e176f682-7680-415a-ba5e-32ffe26a3237,2026-01-07 15:54:29.205260,192.168.1.12,GET,/login,Mozilla/5.0 (X11; Linux x86_64),{'Host': 'example.com'},,200,1694,Normal,False,0.0,[]
158dee3b-649b-4ad1-a4b5-a6899d24e7c3,2026-01-07 15:57:46.205260,192.168.1.12,POST,/login,Mozilla/5.0 (X11; Linux x86_64),{'Host': 'example.com'},admin' --,404,485,SQLi,False,0.0,[]
2e59b3e8-a00a-4ec3-b654-6f671d57a912,2026-01-07 16:01:34.205260,192.168.1.9,POST,/webhook?url=http://localhost:8080/admin,Mozilla/5.0 (Macintosh; Intel Mac OS X 10_15_7),{'Host': 'example.com'},,404,160,SSRF,False,0.0,[]
51eaeed7-1a68-457b-803d-996721b5f39b,2026-01-07 16:02:33.205260,192.168.1.17,GET,/login,Python-urllib/3.8,{'Host': 'example.com'},,200,1122,Normal,False,0.0,[]
ca04fc65-e0d8-4405-ad72-55e27ce89cd1,2026-01-07 16:07:21.205260,192.168.1.15,GET,/dashboard,Mozilla/5.0 (Macintosh; Intel Mac OS X 10_15_7),{'Host': 'example.com'},,200,1541,Normal,False,0.0,[]
855e287e-e862-4896-9806-70a91054216a,2026-01-07 16:09:48.205260,192.168.1.6,GET,/ping?ip=127.0.0.1; cat /etc/passwd,Python-urllib/3.8,{'Host': 'example.com'},,403,231,CmdInjection,False,0.0,[]
aced42b4-36ee-44b3-8682-9d95b6f88188,2026-01-07 16:10:33.205260,192.168.1.3,GET,/goggle.com/login,curl/7.68.0,{'Host': 'example.com'},,500,177,Typosquatting,False,0.0,[]
4e4ac667-6341-40d7-a1e6-114d97552c1f,2026-01-07 16:15:11.205260,192.168.1.6,GET,/dashboard,Mozilla/5.0 (Macintosh; Intel Mac OS X 10_15_7),{'Host': 'example.com'},,200,1843,Normal,False,0.0,[]
fe1bd759-7fda-45be-9d75-b511e37888f0,2026-01-07 16:18:17.205260,192.168.1.5,GET,/home,Mozilla/5.0 (Macintosh; Intel Mac OS X 10_15_7),{'Host': 'example.com'},,200,511,Normal,False,0.0,[]
ba35355c-00f2-46f9-8cf3-43d3ee2186de,2026-01-07 16:22:30.205260,192.168.1.12,GET,/contact,Python-urllib/3.8,{'Host': 'example.com'},,200,1272,Normal,False,0.0,[]
b7f80939-1d5f-466f-9a30-b6dd219d2b5d,2026-01-07 16:27:13.205260,192.168.1.10,GET,/home,Python-urllib/3.8,{'Host': 'example.com'},,200,234,Normal,False,0.0,[]
d53f4f49-28bc-4cfa-8bdb-14473fe4b75f,2026-01-07 16:31:19.205260,192.168.1.19,GET,/api/data,Mozilla/5.0 (Windows NT 10.0; Win64; x64),{'Host': 'example.com'},,200,1786,Normal,False,0.0,[]
cedc76b6-d8d9-4d95-bb3f-d8b0608987d2,2026-01-07 16:32:24.205260,192.168.1.17,GET,/api/users?id=1&id=2,Mozilla/5.0 (X11; Linux x86_64),{'Host': 'example.com'},,200,35528,HPP,True,0.0,[]
41fee819-1205-4f96-afff-015350da778b,2026-01-07 16:33:30.205260,192.168.1.5,GET,/goggle.com/login,Python-urllib/3.8,{'Host': 'example.com'},,500,93,Typosquatting,False,0.0,[]
0394c1df-288d-4e02-b230-5f3528252d77,2026-01-07 16:37:48.205260,192.168.1.6,POST,/login,Mozilla/5.0 (Macintosh; Intel Mac OS X 10_15_7),{'Host': 'example.com'},admin' --,403,155,SQLi,False,0.0,[]
d04963e3-b851-4614-bd6c-13f3d33ecbc3,2026-01-07 16:40:34.205260,192.168.1.7,GET,/search?q=<img src=x onerror=alert(1)>,curl/7.68.0,{'Host': 'example.com'},,403,128,XSS,False,0.0,[]
117c5542-bdc1-4546-ab78-d0e2e417c0a1,2026-01-07 16:42:55.205260,192.168.1.18,GET,/dashboard,Mozilla/5.0 (Windows NT 10.0; Win64; x64),{'Host': 'example.com'},,200,1358,Normal,False,0.0,[]
289e03e2-8627-4638-b1da-2f01afce9566,2026-01-07 16:47:13.205260,192.168.1.20,POST,/webhook?url=http://169.254.169.254/latest/meta-data/,curl/7.68.0,{'Host': 'example.com'},,403,337,SSRF,False,0.0,[]
629a9243-9efe-4d10-8d88-5a1d628031d2,2026-01-07 16:50:06.205260,192.168.1.2,POST,/webhook?url=http://169.254.169.254/latest/meta-data/,curl/7.68.0,{'Host': 'example.com'},,200,10323,SSRF,True,0.0,[]
f3a14727-092a-4784-85cd-9c0f0ea20b2e,2026-01-07 16:52:22.205260,192.168.1.1,GET,/goggle.com/login,Python-urllib/3.8,{'Host': 'example.com'},,500,327,Typosquatting,False,0.0,[]
3a71a989-3172-4163-9575-cbcc3a1bfd36,2026-01-07 16:57:02.205260,192.168.1.8,GET,/dashboard,Python-urllib/3.8,{'Host': 'example.com'},,200,1089,Normal,False,0.0,[]
43856223-5f66-4379-aac6-982ca9923a2d,2026-01-07 16:59:35.205260,192.168.1.15,GET,/home,Python-urllib/3.8,{'Host': 'example.com'},,200,423,Normal,False,0.0,[]
0f3a20df-5ae5-4785-b63d-86211116649f,2026-01-07 17:03:43.205260,192.168.1.5,GET,/dashboard,Mozilla/5.0 (X11; Linux x86_64),{'Host': 'example.com'},,200,1342,Normal,False,0.0,[]
a97a0bcc-24ac-4e0e-be41-b50c7311f6e9,2026-01-07 17:06:27.205260,192.168.1.12,GET,/goggle.com/login,curl/7.68.0,{'Host': 'example.com'},,404,66,Typosquatting,False,0.0,[]
d97f9315-af2b-433b-a706-25cb54e8fd26,2026-01-07 17:11:15.205260,192.168.1.4,GET,/login,Mozilla/5.0 (X11; Linux x86_64),{'Host': 'example.com'},,200,1055,Normal,False,0.0,[]
26f4b4c5-393f-4a7f-9e0f-c6e72689a74a,2026-01-07 17:15:06.205260,192.168.1.10,GET,/home,Python-urllib/3.8,{'Host': 'example.com'},,200,203,Normal,False,0.0,[]
562a54fd-1685-4ebe-ba8d-9328910868b8,2026-01-07 17:18:41.205260,192.168.1.11,GET,/login,curl/7.68.0,{'Host': 'example.com'},,200,1766,Normal,False,0.0,[]
7c635ea0-44c0-41c0-9ff8-73a51c1329b4,2026-01-07 17:21:22.205260,192.168.1.17,GET,/login,Python-urllib/3.8,{'Host': 'example.com'},,200,1120,Normal,False,0.0,[]
1e390425-2b3a-48cc-9fb6-d1728a591558,2026-01-07 17:25:38.205260,192.168.1.15,GET,/ping?ip=127.0.0.1| ipconfig,Mozilla/5.0 (Macintosh; Intel Mac OS X 10_15_7),{'Host': 'example.com'},,200,38124,CmdInjection,True,0.0,[]
20260fa4-73cb-41b2-ba44-10c46763f6cc,2026-01-07 17:27:29.205260,192.168.1.10,GET,/home,Python-urllib/3.8,{'Host': 'example.com'},,200,203,Normal,False,0.0,[]
7449ae1e-f0f3-454d-bc00-1e28e4a1bc34,2026-01-07 17:31:30.205260,192.168.1.4,GET,/home,Python-urllib/3.8,{'Host': 'example.com'},,200,1835,Normal,False,0.0,[]
177f9c9f-9ed4-46b1-821d-db920670b713,2026-01-07 17:32:39.205260,192.168.1.2,GET,/api/users?id=1&id=2,Python-urllib/3.8,{'Host': 'example.com'},,404,187,HPP,False,0.0,[]
3c2dc374-5d6e-43c9-b708-242f9a6b224d,2026-01-07 17:33:06.205260,192.168.1.18,GET,/login,Mozilla/5.0 (X11; Linux x86_64),{'Host': 'example.com'},,200,842,Normal,False,0.0,[]
51bed9bf-5f84-45ff-ac71-3c1e2e5f2e51,2026-01-07 17:33:44.205260,192.168.1.18,GET,/api/data,Mozilla/5.0 (X11; Linux x86_64),{'Host': 'example.com'},,200,1665,Normal,False,0.0,[]
0e805d0b-ff5c-4c00-9bc5-d070ea7d4249,2026-01-07 17:34:45.205260,192.168.1.12,GET,/home,Mozilla/5.0 (X11; Linux x86_64),{'Host': 'example.com'},,200,906,Normal,False,0.0,[]
30fc239c-c3db-40bd-a435-7e470fc2c2ae,2026-01-07 17:39:31.205260,192.168.1.13,GET,/goggle.com/login,curl/7.68.0,{'Host': 'example.com'},,500,260,Typosquatting,False,0.0,[]
0377ad40-6902-4603-8129-a468e188f0cb,2026-01-07 17:39:52.205260,192.168.1.11,GET,/login,Python-urllib/3.8,{'Host': 'example.com'},,200,1561,Normal,False,0.0,[]
c6cb94a6-d09a-4d12-b404-7f15c2e3e16a,2026-01-07 17:44:18.205260,192.168.1.17,GET,/contact,Mozilla/5.0 (Macintosh; Intel Mac OS X 10_15_7),{'Host': 'example.com'},,200,1929,Normal,False,0.0,[]
dda87af0-cebf-41c6-9e58-89a22fe3c5dc,2026-01-07 17:47:06.205260,192.168.1.17,GET,/download?file=..%2f..%2fwindows%2fwin.ini,curl/7.68.0,{'Host': 'example.com'},,500,172,Traversal,False,0.0,[]
025ae2cc-f6d5-452b-a49b-1724f2f6cb0f,2026-01-07 17:51:39.205260,192.168.1.16,GET,/contact,Mozilla/5.0 (Windows NT 10.0; Win64; x64),{'Host': 'example.com'},,200,713,Normal,False,0.0,[]
21edecb6-8f23-4efb-9364-dbe855d6af5b,2026-01-07 17:54:48.205260,192.168.1.19,GET,/home,Mozilla/5.0 (X11; Linux x86_64),{'Host': 'example.com'},,200,953,Normal,False,0.0,[]
944823f9-18b2-4789-8635-0b2afe162844,2026-01-07 17:55:02.205260,192.168.1.19,GET,/dashboard,curl/7.68.0,{'Host': 'example.com'},,200,1442,Normal,False,0.0,[]
b3a85dbf-dfd4-40b0-8e59-506d7ea0f2be,2026-01-07 17:56:59.205260,192.168.1.8,POST,/webhook?url=http://localhost:8080/admin,Mozilla/5.0 (Windows NT 10.0; Win64; x64),{'Host': 'example.com'},,403,420,SSRF,False,0.0,[]
aa0cd2e6-7463-47e3-842c-c8078c9e7b77,2026-01-07 18:01:53.205260,192.168.1.5,POST,/login,Python-urllib/3.8,{'Host': 'example.com'},"' UNION SELECT null, version() --",404,214,SQLi,False,0.0,[]
25a742e8-4ac9-469a-8358-4d05a4c10690,2026-01-07 18:03:38.205260,192.168.1.16,GET,/contact,Mozilla/5.0 (Windows NT 10.0; Win64; x64),{'Host': 'example.com'},,200,1985,Normal,False,0.0,[]
25a47d07-bfae-4641-bb59-65cadd022056,2026-01-07 18:04:49.205260,192.168.1.16,GET,/contact,curl/7.68.0,{'Host': 'example.com'},,200,765,Normal,False,0.0,[]
817bb4a6-5c7a-41d1-a83b-2462713e8c8f,2026-01-07 18:08:02.205260,192.168.1.18,GET,/login,Mozilla/5.0 (X11; Linux x86_64),{'Host': 'example.com'},,200,1041,Normal,False,0.0,[]
24adc537-437d-435b-94f3-2bce24033cfd,2026-01-07 18:12:42.205260,192.168.1.16,GET,/dashboard,Mozilla/5.0 (Macintosh; Intel Mac OS X 10_15_7),{'Host': 'example.com'},,200,1349,Normal,False,0.0,[]
d06b38dd-c1f7-45a9-8f60-3600327a4027,2026-01-07 18:14:49.205260,192.168.1.10,GET,/dashboard,Mozilla/5.0 (X11; Linux x86_64),{'Host': 'example.com'},,200,560,Normal,False,0.0,[]
8bb80c9f-6059-47fa-aa0b-59c600515c35,2026-01-07 18:16:36.205260,192.168.1.9,GET,/ping?ip=127.0.0.1| ipconfig,Mozilla/5.0 (X11; Linux x86_64),{'Host': 'example.com'},,500,478,CmdInjection,False,0.0,[]
d310aca8-bc82-4b14-92d9-8ca3ab423898,2026-01-07 18:17:39.205260,192.168.1.13,GET,/contact,Mozilla/5.0 (X11; Linux x86_64),{'Host': 'example.com'},,200,877,Normal,False,0.0,[]
bd1957cd-4000-413c-b2a7-a2f80bea0631,2026-01-07 18:18:54.205260,192.168.1.3,GET,/dashboard,Mozilla/5.0 (X11; Linux x86_64),{'Host': 'example.com'},,200,1562,Normal,False,0.0,[]
3a07f2c6-bf9a-4e75-836f-1e89281554ed,2026-01-07 18:22:41.205260,192.168.1.18,GET,/api/users?id=1&id=2,Mozilla/5.0 (X11; Linux x86_64),{'Host': 'example.com'},,403,423,HPP,False,0.0,[]
2d20f6df-bb12-4c25-b0b8-0b96d58d1c32,2026-01-07 18:27:29.205260,192.168.1.17,GET,/search?q=<script>alert(1)</script>,Mozilla/5.0 (Macintosh; Intel Mac OS X 10_15_7),{'Host': 'example.com'},,403,25,XSS,False,0.0,[]
9d46c200-2202-49e3-af9b-841fb0b680e4,2026-01-07 18:29:29.205260,192.168.1.16,GET,/api/data,Mozilla/5.0 (Windows NT 10.0; Win64; x64),{'Host': 'example.com'},,200,776,Normal,False,0.0,[]
095f9973-f592-4a1d-a1f0-a6d6f942feec,2026-01-07 18:30:40.205260,192.168.1.14,GET,/contact,Python-urllib/3.8,{'Host': 'example.com'},,200,423,Normal,False,0.0,[]
f0b463e7-d3e3-4388-b216-9da58f9580f0,2026-01-07 18:34:45.205260,192.168.1.2,GET,/goggle.com/login,Mozilla/5.0 (Windows NT 10.0; Win64; x64),{'Host': 'example.com'},,404,146,Typosquatting,False,0.0,[]
7c86ec8a-04f0-42fb-a79e-9b72323f68e1,2026-01-07 18:39:39.205260,192.168.1.6,GET,/home,Python-urllib/3.8,{'Host': 'example.com'},,200,1970,Normal,False,0.0,[]
c6255b64-e6b2-455a-b9f9-2b60d6b2430a,2026-01-07 18:41:10.205260,192.168.1.10,POST,/login,Mozilla/5.0 (Windows NT 10.0; Win64; x64),{'Host': 'example.com'},"' UNION SELECT null, version() --",404,95,SQLi,False,0.0,[]
cecaaa05-fcdf-4eca-bd1b-122a0bdb74b5,2026-01-07 18:41:15.205260,192.168.1.11,GET,/contact,Mozilla/5.0 (X11; Linux x86_64),{'Host': 'example.com'},,200,319,Normal,False,0.0,[]
7107dceb-b3ee-49ba-965b-1fc0081732ab,2026-01-07 18:45:08.205260,192.168.1.9,POST,/webhook?url=http://169.254.169.254/latest/meta-data/,Mozilla/5.0 (Macintosh; Intel Mac OS X 10_15_7),{'Host': 'example.com'},,500,239,SSRF,False,0.0,[]
247986af-589b-4ed4-a43e-6697d967c2a6,2026-01-07 18:46:06.205260,192.168.1.9,GET,/api/data,Mozilla/5.0 (Macintosh; Intel Mac OS X 10_15_7),{'Host': 'example.com'},,200,1427,Normal,False,0.0,[]
bf7f1726-6dc6-4e28-b597-57e52ca3e0dd,2026-01-07 18:46:14.205260,192.168.1.7,GET,/goggle.com/login,Mozilla/5.0 (Macintosh; Intel Mac OS X 10_15_7),{'Host': 'example.com'},,500,387,Typosquatting,False,0.0,[]
738c9fd5-b419-4d59-9e20-0dfcd79116d6,2026-01-07 18:49:42.205260,192.168.1.6,POST,/webhook?url=http://localhost:8080/admin,Mozilla/5.0 (Macintosh; Intel Mac OS X 10_15_7),{'Host': 'example.com'},,500,48,SSRF,False,0.0,[]
b44b3bd5-3705-4b34-94ba-3466e8aeb819,2026-01-07 18:53:47.205260,192.168.1.9,GET,/login,Python-urllib/3.8,{'Host': 'example.com'},,200,113,Normal,False,0.0,[]
adc9bc33-4d93-4921-b5db-af5c3e3e61be,2026-01-07 18:55:48.205260,192.168.1.10,GET,/dashboard,curl/7.68.0,{'Host': 'example.com'},,200,775,Normal,False,0.0,[]
8a89a955-7874-4f67-a915-f7578c074d1e,2026-01-07 19:00:42.205260,192.168.1.8,GET,/dashboard,Mozilla/5.0 (Windows NT 10.0; Win64; x64),{'Host': 'example.com'},,200,1518,Normal,False,0.0,[]
00db7857-237e-4215-958b-a77e58134dd2,2026-01-07 19:01:43.205260,192.168.1.17,GET,/login,Mozilla/5.0 (X11; Linux x86_64),{'Host': 'example.com'},,200,930,Normal,False,0.0,[]
b2fa6819-9bb8-44c0-b00d-108be6386f74,2026-01-07 19:02:44.205260,192.168.1.5,GET,/download?file=../../../../etc/passwd,Python-urllib/3.8,{'Host': 'example.com'},,403,490,Traversal,False,0.0,[]
cba6b054-4a36-48f8-a908-5f449ad05bfe,2026-01-07 19:04:03.205260,192.168.1.14,GET,/contact,curl/7.68.0,{'Host': 'example.com'},,200,865,Normal,False,0.0,[]
6e163364-9c97-4304-ad20-eec7f1b12f79,2026-01-07 19:08:05.205260,192.168.1.8,GET,/goggle.com/login,curl/7.68.0,{'Host': 'example.com'},,403,390,Typosquatting,False,0.0,[]
ab3ffe0a-40b0-4717-96f3-6c28883fd0c7,2026-01-07 19:08:47.205260,192.168.1.12,GET,/contact,Mozilla/5.0 (Windows NT 10.0; Win64; x64),{'Host': 'example.com'},,200,1541,Normal,False,0.0,[]
8773767c-dc35-4b59-82dd-e8d60f951968,2026-01-07 19:13:36.205260,192.168.1.17,GET,/contact,Mozilla/5.0 (Macintosh; Intel Mac OS X 10_15_7),{'Host': 'example.com'},,200,1949,Normal,False,0.0,[]
9aa38278-70da-4d87-b8c3-28842b86b620,2026-01-07 19:18:30.205260,192.168.1.17,GET,/login,Python-urllib/3.8,{'Host': 'example.com'},,200,771,Normal,False,0.0,[]
a89fec71-4da7-40ab-b844-8da94d81ec19,2026-01-07 19:19:30.205260,192.168.1.17,GET,/api/users?id=1&id=2,Python-urllib/3.8,{'Host': 'example.com'},,403,460,HPP,False,0.0,[]
1a9af187-f6c4-4128-a041-092dd4859490,2026-01-07 19:19:59.205260,192.168.1.15,GET,/contact,curl/7.68.0,{'Host': 'example.com'},,200,950,Normal,False,0.0,[]
2200776e-be71-4702-a768-2b5916263122,2026-01-07 19:20:29.205260,192.168.1.1,GET,/dashboard,Python-urllib/3.8,{'Host': 'example.com'},,200,1581,Normal,False,0.0,[]
cb2f4089-ac4b-48e0-a212-976dbff81d8d,2026-01-07 19:22:40.205260,192.168.1.14,GET,/api/users?id=1&id=2,Mozilla/5.0 (X11; Linux x86_64),{'Host': 'example.com'},,403,23,HPP,False,0.0,[]
5d37a656-c314-412c-9e70-a101c8d7f653,2026-01-07 19:23:13.205260,192.168.1.3,GET,/home,Python-urllib/3.8,{'Host': 'example.com'},,200,1931,Normal,False,0.0,[]
d6b5732a-e906-4728-be1d-4972ed0251af,2026-01-07 19:23:30.205260,192.168.1.5,GET,/login,Python-urllib/3.8,{'Host': 'example.com'},,200,1674,Normal,False,0.0,[]
9c1d45cf-8cf2-456b-8ef6-c5e7c8dc72e1,2026-01-07 19:26:42.205260,192.168.1.18,GET,/ping?ip=127.0.0.1| ipconfig,Mozilla/5.0 (Macintosh; Intel Mac OS X 10_15_7),{'Host': 'example.com'},,404,41,CmdInjection,False,0.0,[]
7028f953-1399-4e2a-a596-03581b786238,2026-01-07 19:29:41.205260,192.168.1.17,GET,/contact,Mozilla/5.0 (Macintosh; Intel Mac OS X 10_15_7),{'Host': 'example.com'},,200,904,Normal,False,0.0,[]
0e6e66b7-6354-4b47-933a-8a76d4fc8739,2026-01-07 19:31:36.205260,192.168.1.15,GET,/goggle.com/login,curl/7.68.0,{'Host': 'example.com'},,200,24553,Typosquatting,True,0.0,[]
7919101d-0ec2-40bf-80c2-453d0608af76,2026-01-07 19:35:14.205260,192.168.1.15,GET,/login,Mozilla/5.0 (X11; Linux x86_64),{'Host': 'example.com'},,200,606,Normal,False,0.0,[]
e8a44028-16b4-4f27-95db-e0fc046f4440,2026-01-07 19:36:34.205260,192.168.1.14,GET,/home,curl/7.68.0,{'Host': 'example.com'},,200,165,Normal,False,0.0,[]
1fc992bc-bcf9-4b9a-97c8-a98589e79132,2026-01-07 19:36:43.205260,192.168.1.20,GET,/home,Mozilla/5.0 (Windows NT 10.0; Win64; x64),{'Host': 'example.com'},,200,306,Normal,False,0.0,[]
4e3eb560-972c-4c3a-9d1f-4e6fc775f226,2026-01-07 19:40:32.205260,192.168.1.2,GET,/home,Python-urllib/3.8,{'Host': 'example.com'},,200,601,Normal,False,0.0,[]
4c946b0a-105a-4d89-ad9a-14cbba86247e,2026-01-07 19:44:17.205260,192.168.1.2,GET,/login,Mozilla/5.0 (Macintosh; Intel Mac OS X 10_15_7),{'Host': 'example.com'},,200,1644,Normal,False,0.0,[]
df6feec3-6d43-48ad-a342-fb5385b345c8,2026-01-07 19:48:35.205260,192.168.1.11,GET,/search?q=<img src=x onerror=alert(1)>,Mozilla/5.0 (Macintosh; Intel Mac OS X 10_15_7),{'Host': 'example.com'},,500,306,XSS,False,0.0,[]
d24e2e12-b4b5-4e2d-9943-95e77da7fd45,2026-01-07 19:51:10.205260,192.168.1.9,GET,/api/users?id=1&id=2,Mozilla/5.0 (Windows NT 10.0; Win64; x64),{'Host': 'example.com'},,404,153,HPP,False,0.0,[]
e89a4772-70e8-4265-8cc0-7909ecd4eeca,2026-01-07 19:55:56.205260,192.168.1.14,GET,/api/users?id=1&id=2,curl/7.68.0,{'Host': 'example.com'},,500,347,HPP,False,0.0,[]
d4630b6d-6fe0-4aea-a42a-30c01369d5b7,2026-01-07 20:00:10.205260,192.168.1.13,GET,/dashboard,curl/7.68.0,{'Host': 'example.com'},,200,1417,Normal,False,0.0,[]
4bc73005-ca06-4c78-8dff-dd171be8a507,2026-01-07 20:02:54.205260,192.168.1.18,GET,/ping?ip=127.0.0.1| ipconfig,Python-urllib/3.8,{'Host': 'example.com'},,403,386,CmdInjection,False,0.0,[]
f1d3df08-175f-4bd8-a04c-c2a721221c2f,2026-01-07 20:04:58.205260,192.168.1.2,GET,/download?file=../../../../etc/passwd,curl/7.68.0,{'Host': 'example.com'},,404,468,Traversal,False,0.0,[]
1136af3d-53c5-4aff-8029-3e9c8a3f953a,2026-01-07 20:08:30.205260,192.168.1.7,POST,/webhook?url=http://localhost:8080/admin,Mozilla/5.0 (X11; Linux x86_64),{'Host': 'example.com'},,403,130,SSRF,False,0.0,[]
59b67986-293f-47dc-85a6-3c0623b2b68e,2026-01-07 20:09:11.205260,192.168.1.7,GET,/goggle.com/login,Mozilla/5.0 (Windows NT 10.0; Win64; x64),{'Host': 'example.com'},,500,370,Typosquatting,False,0.0,[]
07ac1f7b-10e4-47d1-9090-74ac155a6dd7,2026-01-07 20:11:29.205260,192.168.1.2,GET,/contact,Mozilla/5.0 (Windows NT 10.0; Win64; x64),{'Host': 'example.com'},,200,1334,Normal,False,0.0,[]
aa2be4ff-e506-4dc1-9ed4-dc40458aafd7,2026-01-07 20:13:06.205260,192.168.1.11,POST,/webhook?url=http://169.254.169.254/latest/meta-data/,Mozilla/5.0 (X11; Linux x86_64),{'Host': 'example.com'},,404,106,SSRF,False,0.0,[]
7a128640-39d7-4984-b3f7-a28e971e3dd3,2026-01-07 20:13:14.205260,192.168.1.4,GET,/login,Python-urllib/3.8,{'Host': 'example.com'},,200,1618,Normal,False,0.0,[]
67116c16-b8a8-4d3a-972a-d6c97bf933d5,2026-01-07 20:15:19.205260,192.168.1.11,GET,/api/users?id=1&id=2,Mozilla/5.0 (X11; Linux x86_64),{'Host': 'example.com'},,403,282,HPP,False,0.0,[]
fa710ccd-0aa8-486f-b2ee-b0bc1a446c6f,2026-01-07 20:18:34.205260,192.168.1.9,GET,/dashboard,Mozilla/5.0 (X11; Linux x86_64),{'Host': 'example.com'},,200,731,Normal,False,0.0,[]
bef61b60-dcfb-4948-bed5-a40a0a4b4113,2026-01-07 20:22:57.205260,192.168.1.11,GET,/ping?ip=127.0.0.1$(whoami),Mozilla/5.0 (Macintosh; Intel Mac OS X 10_15_7),{'Host': 'example.com'},,200,35768,CmdInjection,True,0.0,[]
4f17671a-1583-4866-9e8c-fb350651119b,2026-01-07 20:26:07.205260,192.168.1.8,GET,/home,Mozilla/5.0 (Macintosh; Intel Mac OS X 10_15_7),{'Host': 'example.com'},,200,1252,Normal,False,0.0,[]
5e0c01d0-5954-4eeb-b32c-50647aae9ade,2026-01-07 20:26:16.205260,192.168.1.14,GET,/contact,Mozilla/5.0 (X11; Linux x86_64),{'Host': 'example.com'},,200,1286,Normal,False,0.0,[]
fc446cc5-6463-49de-bf0e-6b0f7309534c,2026-01-07 20:27:35.205260,192.168.1.19,GET,/login,Mozilla/5.0 (Macintosh; Intel Mac OS X 10_15_7),{'Host': 'example.com'},,200,877,Normal,False,0.0,[]
13cfa39a-adf4-44f3-911e-ff666ca6684c,2026-01-07 20:31:51.205260,192.168.1.16,GET,/dashboard,Python-urllib/3.8,{'Host': 'example.com'},,200,627,Normal,False,0.0,[]
f2910c2b-cc1b-4752-891d-c6150a71037d,2026-01-07 20:35:47.205260,192.168.1.5,GET,/dashboard,curl/7.68.0,{'Host': 'example.com'},,200,446,Normal,False,0.0,[]
8951a582-4b3b-43c8-a0fc-f5f0213a2d91,2026-01-07 20:39:58.205260,192.168.1.2,GET,/contact,curl/7.68.0,{'Host': 'example.com'},,200,1414,Normal,False,0.0,[]
d5d64ece-1e6a-48a7-af48-5f8d482d9093,2026-01-07 20:40:16.205260,192.168.1.1,POST,/login,Python-urllib/3.8,{'Host': 'example.com'},admin' --,403,391,SQLi,False,0.0,[]
dc01df30-0d71-4ae2-8800-81cd8ad5c1c7,2026-01-07 20:41:27.205260,192.168.1.7,GET,/search?q=<script>alert(1)</script>,curl/7.68.0,{'Host': 'example.com'},,200,5599,XSS,True,0.0,[]
fb54b741-5451-483e-8f31-54db58b59f07,2026-01-07 20:45:21.205260,192.168.1.20,GET,/contact,Python-urllib/3.8,{'Host': 'example.com'},,200,1406,Normal,False,0.0,[]
f09d73a0-6396-4137-a9b4-b1aab14732bd,2026-01-07 20:49:31.205260,192.168.1.14,GET,/contact,Mozilla/5.0 (Windows NT 10.0; Win64; x64),{'Host': 'example.com'},,200,1229,Normal,False,0.0,[]
64e13f79-92f0-42df-95f5-f0d1362b06dc,2026-01-07 20:49:40.205260,192.168.1.10,GET,/dashboard,Mozilla/5.0 (Windows NT 10.0; Win64; x64),{'Host': 'example.com'},,200,1197,Normal,False,0.0,[]
c6940d77-c39b-4c05-9209-cc4122e83b50,2026-01-07 20:53:58.205260,192.168.1.4,GET,/api/users?id=1&id=2,curl/7.68.0,{'Host': 'example.com'},,403,54,HPP,False,0.0,[]
5fc9d44d-178f-44ac-bd31-a9f2d531fa04,2026-01-07 20:55:15.205260,192.168.1.9,GET,/contact,Mozilla/5.0 (X11; Linux x86_64),{'Host': 'example.com'},,200,1178,Normal,False,0.0,[]
2b3cbf69-ddf4-4f10-bf7b-59c5bad747af,2026-01-07 20:57:32.205260,192.168.1.8,POST,/login,Mozilla/5.0 (Macintosh; Intel Mac OS X 10_15_7),{'Host': 'example.com'},"' UNION SELECT null, version() --",404,289,SQLi,False,0.0,[]
5a5cb1c2-929a-417a-b028-e43076dcb539,2026-01-07 21:00:06.205260,192.168.1.2,GET,/goggle.com/login,Mozilla/5.0 (Windows NT 10.0; Win64; x64),{'Host': 'example.com'},,200,47591,Typosquatting,True,0.0,[]
6039e33c-fddf-4b66-aeaf-55974f2dc6c6,2026-01-07 21:03:34.205260,192.168.1.2,GET,/contact,Mozilla/5.0 (Windows NT 10.0; Win64; x64),{'Host': 'example.com'},,200,1074,Normal,False,0.0,[]
df47ac02-3167-4452-89eb-09fd7a65aec8,2026-01-07 21:05:02.205260,192.168.1.11,GET,/api/data,curl/7.68.0,{'Host': 'example.com'},,200,1420,Normal,False,0.0,[]
5904cd98-9b3d-46f4-9cf2-536a42cbc1e1,2026-01-07 21:05:51.205260,192.168.1.9,POST,/login,Mozilla/5.0 (Windows NT 10.0; Win64; x64),{'Host': 'example.com'},admin' --,500,243,SQLi,False,0.0,[]
1193136f-e0b5-4262-97dd-e56f0b8590cb,2026-01-07 21:06:30.205260,192.168.1.11,GET,/download?file=../../../../etc/passwd,Mozilla/5.0 (Windows NT 10.0; Win64; x64),{'Host': 'example.com'},,403,475,Traversal,False,0.0,[]
93f2f005-e9eb-4fff-aa8d-2aad4aafd132,2026-01-07 21:08:17.205260,192.168.1.10,GET,/api/data,Mozilla/5.0 (Macintosh; Intel Mac OS X 10_15_7),{'Host': 'example.com'},,200,257,Normal,False,0.0,[]
7d22fe8a-653d-422d-9324-1b676c6d31da,2026-01-07 21:13:06.205260,192.168.1.18,GET,/api/data,Mozilla/5.0 (X11; Linux x86_64),{'Host': 'example.com'},,200,1486,Normal,False,0.0,[]
cee31812-6ff0-42a7-b073-88f205985cf8,2026-01-07 21:16:23.205260,192.168.1.12,GET,/search?q=<script>alert(1)</script>,Mozilla/5.0 (Windows NT 10.0; Win64; x64),{'Host': 'example.com'},,500,381,XSS,False,0.0,[]
abbb3226-4e2e-42bd-883e-7b3955ae1daa,2026-01-07 21:17:14.205260,192.168.1.20,GET,/home,curl/7.68.0,{'Host': 'example.com'},,200,797,Normal,False,0.0,[]
ed331d6a-c847-479e-9ee3-95d28b8c206a,2026-01-07 21:20:38.205260,192.168.1.16,GET,/download?file=..%2f..%2fwindows%2fwin.ini,Mozilla/5.0 (Macintosh; Intel Mac OS X 10_15_7),{'Host': 'example.com'},,200,34527,Traversal,True,0.0,[]
475be2e8-faf1-4862-9899-8673e88e6e6c,2026-01-07 21:23:41.205260,192.168.1.6,GET,/api/data,curl/7.68.0,{'Host': 'example.com'},,200,984,Normal,False,0.0,[]
0b937013-e6ff-42cd-9224-75bab3aa0e4e,2026-01-07 21:26:56.205260,192.168.1.8,GET,/contact,Mozilla/5.0 (Windows NT 10.0; Win64; x64),{'Host': 'example.com'},,200,704,Normal,False,0.0,[]
f9c1e590-32c5-4219-b9fd-36573fe0ff74,2026-01-07 21:27:39.205260,192.168.1.5,GET,/api/data,Python-urllib/3.8,{'Host': 'example.com'},,200,1557,Normal,False,0.0,[]
2cbac88d-9f75-47a0-9ef7-0685f63dc624,2026-01-07 21:30:22.205260,192.168.1.10,GET,/home,Python-urllib/3.8,{'Host': 'example.com'},,200,110,Normal,False,0.0,[]
c89f9dde-a3fa-4a78-b8c8-3ffae7dda316,2026-01-07 21:33:27.205260,192.168.1.18,POST,/login,curl/7.68.0,{'Host': 'example.com'},' OR 1=1 --,404,229,SQLi,False,0.0,[]
ea344d08-dc83-4aee-a89e-bd29e748532b,2026-01-07 21:37:50.205260,192.168.1.12,GET,/home,curl/7.68.0,{'Host': 'example.com'},,200,283,Normal,False,0.0,[]
7b01e966-0b51-4ba9-be4b-85956e52c10f,2026-01-07 21:38:38.205260,192.168.1.13,GET,/dashboard,Mozilla/5.0 (Windows NT 10.0; Win64; x64),{'Host': 'example.com'},,200,1868,Normal,False,0.0,[]
de58cad3-a6f5-4ed9-b16d-3a94b0373d6e,2026-01-07 21:41:08.205260,192.168.1.18,GET,/home,Mozilla/5.0 (Macintosh; Intel Mac OS X 10_15_7),{'Host': 'example.com'},,200,1584,Normal,False,0.0,[]
b149677e-17ca-4b63-b26d-c0037edb8e82,2026-01-07 21:46:01.205260,192.168.1.5,GET,/api/data,Mozilla/5.0 (X11; Linux x86_64),{'Host': 'example.com'},,200,447,Normal,False,0.0,[]
76896593-2f53-4efc-b977-8d8b28151321,2026-01-07 21:48:36.205260,192.168.1.6,GET,/login,Python-urllib/3.8,{'Host': 'example.com'},,200,229,Normal,False,0.0,[]
fc3cc6b3-28af-4566-8f37-77f826f75800,2026-01-07 21:50:58.205260,192.168.1.3,GET,/api/data,Mozilla/5.0 (X11; Linux x86_64),{'Host': 'example.com'},,200,1702,Normal,False,0.0,[]
7a6ba2d9-2ba4-4d92-bfc5-f8dd402db467,2026-01-07 21:53:07.205260,192.168.1.7,GET,/api/users?id=1&id=2,Python-urllib/3.8,{'Host': 'example.com'},,500,315,HPP,False,0.0,[]
e04a91dd-0177-4d0d-929a-c22cc9bdfb73,2026-01-07 21:54:02.205260,192.168.1.11,GET,/home,curl/7.68.0,{'Host': 'example.com'},,200,910,Normal,False,0.0,[]
7ba8ccb7-3ce3-4534-a7d2-ad2c461ccd43,2026-01-07 21:57:17.205260,192.168.1.20,GET,/download?file=..%2f..%2fwindows%2fwin.ini,Mozilla/5.0 (Macintosh; Intel Mac OS X 10_15_7),{'Host': 'example.com'},,500,498,Traversal,False,0.0,[]
712b3b37-ddff-470a-b83a-f982f8332563,2026-01-07 21:59:51.205260,192.168.1.11,GET,/login,Mozilla/5.0 (Macintosh; Intel Mac OS X 10_15_7),{'Host': 'example.com'},,200,1081,Normal,False,0.0,[]
f0469022-25b2-4ef2-b5d4-e7dca20404a6,2026-01-07 22:03:15.205260,192.168.1.8,GET,/download?file=..%2f..%2fwindows%2fwin.ini,Mozilla/5.0 (X11; Linux x86_64),{'Host': 'example.com'},,500,400,Traversal,False,0.0,[]
b376ed50-57e7-4130-b2bc-a6ef76aee0dd,2026-01-07 22:06:28.205260,192.168.1.4,GET,/api/data,curl/7.68.0,{'Host': 'example.com'},,200,847,Normal,False,0.0,[]
0c26615e-18e7-470c-ad43-d9fe33ce9ec9,2026-01-07 22:08:11.205260,192.168.1.18,GET,/contact,Mozilla/5.0 (Windows NT 10.0; Win64; x64),{'Host': 'example.com'},,200,468,Normal,False,0.0,[]
d881b616-e9c1-4735-a0d8-b002d10fc4d5,2026-01-07 22:12:08.205260,192.168.1.14,GET,/search?q=<img src=x onerror=alert(1)>,Python-urllib/3.8,{'Host': 'example.com'},,500,35,XSS,False,0.0,[]
39dcd5af-89fb-49d0-8afd-15b8cf17cb7f,2026-01-07 22:13:20.205260,192.168.1.13,GET,/search?q=<script>alert(1)</script>,Mozilla/5.0 (Windows NT 10.0; Win64; x64),{'Host': 'example.com'},,500,216,XSS,False,0.0,[]
7a5c4c2a-58b9-4d06-9ed6-7aec0132d392,2026-01-07 22:17:10.205260,192.168.1.14,GET,/ping?ip=127.0.0.1$(whoami),curl/7.68.0,{'Host': 'example.com'},,500,472,CmdInjection,False,0.0,[]
6e8477b6-d1f9-453e-ac44-432c3c516142,2026-01-07 22:17:29.205260,192.168.1.8,GET,/download?file=../../../../etc/passwd,Mozilla/5.0 (X11; Linux x86_64),{'Host': 'example.com'},,403,393,Traversal,False,0.0,[]
c24193bf-bc76-487f-a491-183ac81a8da9,2026-01-07 22:18:55.205260,192.168.1.13,POST,/login,Mozilla/5.0 (X11; Linux x86_64),{'Host': 'example.com'},admin' --,500,331,SQLi,False,0.0,[]
a02dfb9c-4f34-41ce-8276-b9823b64219c,2026-01-07 22:22:36.205260,192.168.1.8,GET,/home,curl/7.68.0,{'Host': 'example.com'},,200,629,Normal,False,0.0,[]
0485fbea-289d-4e97-948d-5f828decf12f,2026-01-07 22:27:02.205260,192.168.1.15,GET,/contact,Mozilla/5.0 (X11; Linux x86_64),{'Host': 'example.com'},,200,552,Normal,False,0.0,[]
0b34ca35-064c-427d-9cb6-74a903a7437b,2026-01-07 22:30:23.205260,192.168.1.17,GET,/contact,Mozilla/5.0 (Macintosh; Intel Mac OS X 10_15_7),{'Host': 'example.com'},,200,1514,Normal,False,0.0,[]
9d7f4dab-112c-4aba-9277-ebcb02e0921c,2026-01-07 22:33:20.205260,192.168.1.5,GET,/ping?ip=127.0.0.1| ipconfig,Mozilla/5.0 (X11; Linux x86_64),{'Host': 'example.com'},,403,59,CmdInjection,False,0.0,[]
00c9d66b-e5b2-44f7-b080-a5e1f70f8524,2026-01-07 22:36:00.205260,192.168.1.16,GET,/login,Mozilla/5.0 (X11; Linux x86_64),{'Host': 'example.com'},,200,1167,Normal,False,0.0,[]
b4754133-53eb-4788-97b4-61eb9defca96,2026-01-07 22:40:04.205260,192.168.1.3,GET,/api/data,Mozilla/5.0 (X11; Linux x86_64),{'Host': 'example.com'},,200,753,Normal,False,0.0,[]
54ab2892-8fcb-4dd8-a079-e1c3291e738b,2026-01-07 22:40:27.205260,192.168.1.4,POST,/login,Mozilla/5.0 (Macintosh; Intel Mac OS X 10_15_7),{'Host': 'example.com'},"' UNION SELECT null, version() --",200,47465,SQLi,True,0.0,[]
23e8815f-a9ec-4c73-bf5b-df0a5bbec97a,2026-01-07 22:42:32.205260,192.168.1.11,GET,/contact,curl/7.68.0,{'Host': 'example.com'},,200,427,Normal,False,0.0,[]
122962c8-c4e4-447f-b696-b223a8c83e84,2026-01-07 22:46:11.205260,192.168.1.14,GET,/search?q=<script>alert(1)</script>,Python-urllib/3.8,{'Host': 'example.com'},,403,327,XSS,False,0.0,[]
85db6ef1-8deb-4aba-8196-c67dacb990b5,2026-01-07 22:46:26.205260,192.168.1.7,GET,/search?q=<img src=x onerror=alert(1)>,Mozilla/5.0 (Macintosh; Intel Mac OS X 10_15_7),{'Host': 'example.com'},,404,2,XSS,False,0.0,[]
c2d0aa22-24d1-450a-a322-b4070d0914d8,2026-01-07 22:48:49.205260,192.168.1.18,GET,/goggle.com/login,Mozilla/5.0 (Macintosh; Intel Mac OS X 10_15_7),{'Host': 'example.com'},,500,52,Typosquatting,False,0.0,[]
2a16884b-5333-423e-abae-bc8d9dac581b,2026-01-07 22:51:57.205260,192.168.1.9,GET,/api/data,Python-urllib/3.8,{'Host': 'example.com'},,200,333,Normal,False,0.0,[]
d8cc4a6f-f2fd-452c-95bf-70a7513beb71,2026-01-07 22:56:28.205260,192.168.1.12,GET,/download?file=..%2f..%2fwindows%2fwin.ini,Mozilla/5.0 (X11; Linux x86_64),{'Host': 'example.com'},,500,58,Traversal,False,0.0,[]
5a16c154-2a81-4a4e-b5ef-680dd40d23e6,2026-01-07 23:00:23.205260,192.168.1.20,GET,/goggle.com/login,curl/7.68.0,{'Host': 'example.com'},,404,470,Typosquatting,False,0.0,[]
c661da48-20cd-4646-9a5f-01850855fb4f,2026-01-07 23:01:07.205260,192.168.1.12,GET,/download?file=..%2f..%2fwindows%2fwin.ini,Mozilla/5.0 (Macintosh; Intel Mac OS X 10_15_7),{'Host': 'example.com'},,403,93,Traversal,False,0.0,[]
d51388b1-271c-4ed4-89ea-bfb6f41565a0,2026-01-07 23:05:29.205260,192.168.1.19,GET,/contact,Python-urllib/3.8,{'Host': 'example.com'},,200,382,Normal,False,0.0,[]
a10e464b-137f-4df5-8992-6876a7b166da,2026-01-07 23:09:06.205260,192.168.1.6,GET,/contact,curl/7.68.0,{'Host': 'example.com'},,200,1520,Normal,False,0.0,[]
aba8ff1c-2b9e-42b3-90ff-3cec7f9f9eb6,2026-01-07 23:10:32.205260,192.168.1.11,GET,/login,Python-urllib/3.8,{'Host': 'example.com'},,200,483,Normal,False,0.0,[]
e12185dc-9e6a-4f3a-badc-883f1809a7bb,2026-01-07 23:11:00.205260,192.168.1.18,POST,/login,curl/7.68.0,{'Host': 'example.com'},' OR 1=1 --,404,493,SQLi,False,0.0,[]
c0896860-17d4-4e08-bd6d-3080ca2cb04b,2026-01-07 23:15:14.205260,192.168.1.15,GET,/api/data,Python-urllib/3.8,{'Host': 'example.com'},,200,951,Normal,False,0.0,[]
704f3ade-153c-4b77-8905-e5b451d88c13,2026-01-07 23:16:40.205260,192.168.1.8,GET,/home,Mozilla/5.0 (X11; Linux x86_64),{'Host': 'example.com'},,200,1729,Normal,False,0.0,[]
c8483337-95db-4a6b-bc12-e46b3847d5d7,2026-01-07 23:16:57.205260,192.168.1.6,GET,/contact,Python-urllib/3.8,{'Host': 'example.com'},,200,691,Normal,False,0.0,[]
af3dbff9-93ef-4a54-9171-7dafa1175323,2026-01-07 23:21:47.205260,192.168.1.19,GET,/goggle.com/login,Mozilla/5.0 (Windows NT 10.0; Win64; x64),{'Host': 'example.com'},,500,57,Typosquatting,False,0.0,[]
0df53c5b-0d71-4480-8f00-2e3bfc8dcae5,2026-01-07 23:24:05.205260,192.168.1.2,GET,/goggle.com/login,Python-urllib/3.8,{'Host': 'example.com'},,500,421,Typosquatting,False,0.0,[]
207a0ead-34cb-4f9c-83ea-32de86b5619c,2026-01-07 23:28:45.205260,192.168.1.8,GET,/api/data,Mozilla/5.0 (X11; Linux x86_64),{'Host': 'example.com'},,200,309,Normal,False,0.0,[]
042522cd-c7b9-450b-814d-630522fdf7ec,2026-01-07 23:29:02.205260,192.168.1.3,GET,/dashboard,Python-urllib/3.8,{'Host': 'example.com'},,200,1865,Normal,False,0.0,[]
7014ba53-c6dd-4492-8b0d-b85050b8db90,2026-01-07 23:30:03.205260,192.168.1.14,GET,/search?q=<img src=x onerror=alert(1)>,Mozilla/5.0 (Macintosh; Intel Mac OS X 10_15_7),{'Host': 'example.com'},,500,312,XSS,False,0.0,[]
23e415d1-dbe6-42f3-b0e0-77cb4326eb7e,2026-01-07 23:31:15.205260,192.168.1.12,GET,/goggle.com/login,curl/7.68.0,{'Host': 'example.com'},,403,291,Typosquatting,False,0.0,[]
cc220a6f-4cd2-4a6b-a7c4-6a0cf6068956,2026-01-07 23:33:39.205260,192.168.1.10,GET,/login,Mozilla/5.0 (X11; Linux x86_64),{'Host': 'example.com'},,200,762,Normal,False,0.0,[]
6c8e56e2-cc27-4f93-a491-abc6582d8ddc,2026-01-07 23:38:33.205260,192.168.1.4,GET,/contact,Mozilla/5.0 (Macintosh; Intel Mac OS X 10_15_7),{'Host': 'example.com'},,200,1943,Normal,False,0.0,[]
7b34dc8b-f9ef-40fd-aa9d-3df6ae5789e4,2026-01-07 23:42:04.205260,192.168.1.5,GET,/download?file=../../../../etc/passwd,Mozilla/5.0 (Macintosh; Intel Mac OS X 10_15_7),{'Host': 'example.com'},,500,443,Traversal,False,0.0,[]
3322d419-c051-47f7-a5f2-c2c1eacbb6c6,2026-01-07 23:43:19.205260,192.168.1.16,GET,/goggle.com/login,Mozilla/5.0 (Macintosh; Intel Mac OS X 10_15_7),{'Host': 'example.com'},,500,201,Typosquatting,False,0.0,[]
e2bedfab-1e6b-4387-9943-0d6fdf411560,2026-01-07 23:48:15.205260,192.168.1.3,GET,/api/users?id=1&id=2,Python-urllib/3.8,{'Host': 'example.com'},,404,38,HPP,False,0.0,[]
23200407-c81a-4dce-9da2-62f081a3eb7a,2026-01-07 23:52:39.205260,192.168.1.16,GET,/api/users?id=1&id=2,Mozilla/5.0 (X11; Linux x86_64),{'Host': 'example.com'},,404,232,HPP,False,0.0,[]
2a149696-b83c-4d6e-b5cb-1a4085551b55,2026-01-07 23:57:37.205260,192.168.1.15,GET,/home,Mozilla/5.0 (X11; Linux x86_64),{'Host': 'example.com'},,200,1596,Normal,False,0.0,[]
4af73d3e-3e6b-4f7e-9151-02389b89fe4e,2026-01-07 23:58:10.205260,192.168.1.9,GET,/ping?ip=127.0.0.1| ipconfig,Mozilla/5.0 (X11; Linux x86_64),{'Host': 'example.com'},,403,253,CmdInjection,False,0.0,[]
da307b36-3774-4c1f-bb4d-7eb12a42e6c2,2026-01-08 00:00:36.205260,192.168.1.19,GET,/contact,Python-urllib/3.8,{'Host': 'example.com'},,200,367,Normal,False,0.0,[]
5977bd06-7467-46e4-8fd2-b6aba040dbbf,2026-01-08 00:03:32.205260,192.168.1.15,GET,/goggle.com/login,Mozilla/5.0 (Windows NT 10.0; Win64; x64),{'Host': 'example.com'},,200,11525,Typosquatting,True,0.0,[]
53c570f0-1aa0-4ca7-bbb2-ca071eef3a2d,2026-01-08 00:04:36.205260,192.168.1.5,GET,/search?q=<script>alert(1)</script>,Mozilla/5.0 (X11; Linux x86_64),{'Host': 'example.com'},,404,103,XSS,False,0.0,[]
5279f501-bafd-42a8-a77d-4a4c4ad05c39,2026-01-08 00:05:58.205260,192.168.1.3,GET,/download?file=..%2f..%2fwindows%2fwin.ini,Mozilla/5.0 (X11; Linux x86_64),{'Host': 'example.com'},,200,21409,Traversal,True,0.0,[]
96f16464-9be8-46d8-a264-df071f4c7ccb,2026-01-08 00:07:23.205260,192.168.1.8,GET,/dashboard,Python-urllib/3.8,{'Host': 'example.com'},,200,1586,Normal,False,0.0,[]
82030ffa-62e6-495c-8fdd-01b66b212951,2026-01-08 00:08:10.205260,192.168.1.8,POST,/login,curl/7.68.0,{'Host': 'example.com'},' OR 1=1 --,403,303,SQLi,False,0.0,[]
a1285fe9-d8bb-4e7d-8bbb-cf32e14044d9,2026-01-08 00:11:58.205260,192.168.1.4,GET,/dashboard,Python-urllib/3.8,{'Host': 'example.com'},,200,1773,Normal,False,0.0,[]
773df357-5ddb-4401-8927-8883b56a7f40,2026-01-08 00:13:06.205260,192.168.1.3,GET,/login,Mozilla/5.0 (Windows NT 10.0; Win64; x64),{'Host': 'example.com'},,200,884,Normal,False,0.0,[]
a22d6d23-268f-4816-8ea9-c3792625e641,2026-01-08 00:13:59.205260,192.168.1.13,GET,/dashboard,Mozilla/5.0 (Macintosh; Intel Mac OS X 10_15_7),{'Host': 'example.com'},,200,380,Normal,False,0.0,[]
b59784ed-d5f2-4e3e-b957-7a247f211df5,2026-01-08 00:15:13.205260,192.168.1.20,GET,/contact,Mozilla/5.0 (Macintosh; Intel Mac OS X 10_15_7),{'Host': 'example.com'},,200,117,Normal,False,0.0,[]
f33ce555-dacf-4975-8fc7-891afa3dfc66,2026-01-08 00:18:59.205260,192.168.1.5,GET,/login,Python-urllib/3.8,{'Host': 'example.com'},,200,1386,Normal,False,0.0,[]
c7c092ac-7076-46b1-8a1a-aa7bf4e98333,2026-01-08 00:22:46.205260,192.168.1.13,POST,/login,Mozilla/5.0 (X11; Linux x86_64),{'Host': 'example.com'},' OR 1=1 --,403,301,SQLi,False,0.0,[]
be66dede-702b-41dd-bdad-b86e84b3b3e3,2026-01-08 00:26:26.205260,192.168.1.9,GET,/login,Mozilla/5.0 (Windows NT 10.0; Win64; x64),{'Host': 'example.com'},,200,607,Normal,False,0.0,[]
334562c5-9e79-4ee1-b136-54fe0a852e3c,2026-01-08 00:28:34.205260,192.168.1.20,GET,/contact,Mozilla/5.0 (X11; Linux x86_64),{'Host': 'example.com'},,200,1576,Normal,False,0.0,[]
8f34cc4a-8e88-4877-9ad5-6c8be014afa7,2026-01-08 00:28:48.205260,192.168.1.20,GET,/api/users?id=1&id=2,curl/7.68.0,{'Host': 'example.com'},,403,265,HPP,False,0.0,[]
fcbb3dd4-39a4-40f5-be62-ed194fe4f252,2026-01-08 00:30:25.205260,192.168.1.4,GET,/download?file=../../../../etc/passwd,Mozilla/5.0 (Macintosh; Intel Mac OS X 10_15_7),{'Host': 'example.com'},,404,197,Traversal,False,0.0,[]
28b68646-9f63-4155-b525-d7c6b0232ad0,2026-01-08 00:34:41.205260,192.168.1.11,POST,/login,Mozilla/5.0 (Macintosh; Intel Mac OS X 10_15_7),{'Host': 'example.com'},' OR 1=1 --,404,478,SQLi,False,0.0,[]
ccdb5035-7c4a-4c13-bac5-0a546fae5073,2026-01-08 00:38:00.205260,192.168.1.3,POST,/webhook?url=http://169.254.169.254/latest/meta-data/,Mozilla/5.0 (Windows NT 10.0; Win64; x64),{'Host': 'example.com'},,404,488,SSRF,False,0.0,[]
0b57446f-32c7-4bba-9dce-01acc1c4521f,2026-01-08 00:38:35.205260,192.168.1.2,GET,/login,Python-urllib/3.8,{'Host': 'example.com'},,200,181,Normal,False,0.0,[]
50ed20ae-e738-4046-9b5f-8f19305bbda4,2026-01-08 00:42:55.205260,192.168.1.14,GET,/contact,Python-urllib/3.8,{'Host': 'example.com'},,200,1671,Normal,False,0.0,[]
458e3ea0-b989-4429-a06f-7ab494a202cb,2026-01-08 00:46:21.205260,192.168.1.20,GET,/contact,Mozilla/5.0 (Macintosh; Intel Mac OS X 10_15_7),{'Host': 'example.com'},,200,1201,Normal,False,0.0,[]
2f9b0d41-0262-4036-ad0e-09956700f96d,2026-01-08 00:48:44.205260,192.168.1.7,GET,/home,Mozilla/5.0 (Macintosh; Intel Mac OS X 10_15_7),{'Host': 'example.com'},,200,1147,Normal,False,0.0,[]
ae356643-5fe9-40ca-88b7-932d6b18cd38,2026-01-08 00:53:19.205260,192.168.1.3,GET,/contact,Mozilla/5.0 (X11; Linux x86_64),{'Host': 'example.com'},,200,1399,Normal,False,0.0,[]
ddea97ac-433a-4657-ab6a-d77c20a2f26b,2026-01-08 00:57:03.205260,192.168.1.14,GET,/goggle.com/login,Mozilla/5.0 (Windows NT 10.0; Win64; x64),{'Host': 'example.com'},,403,44,Typosquatting,False,0.0,[]
47c39bad-0bc6-41aa-97cc-5f7d315884a8,2026-01-08 01:00:56.205260,192.168.1.6,POST,/login,Mozilla/5.0 (Windows NT 10.0; Win64; x64),{'Host': 'example.com'},admin' --,500,379,SQLi,False,0.0,[]
09edaf5a-f5f0-4e79-83a1-77ce8fcae8ec,2026-01-08 01:01:03.205260,192.168.1.12,GET,/api/users?id=1&id=2,curl/7.68.0,{'Host': 'example.com'},,200,37532,HPP,True,0.0,[]
ecf3cff9-9682-4962-bb45-7c81d6010ea8,2026-01-08 01:05:28.205260,192.168.1.9,GET,/api/users?id=1&id=2,Mozilla/5.0 (Windows NT 10.0; Win64; x64),{'Host': 'example.com'},,404,64,HPP,False,0.0,[]
59523a26-0db5-42be-8aac-ceca426f2baa,2026-01-08 01:05:44.205260,192.168.1.17,GET,/api/data,Mozilla/5.0 (Windows NT 10.0; Win64; x64),{'Host': 'example.com'},,200,657,Normal,False,0.0,[]
7d4406e3-b176-43cc-af67-55efc655f098,2026-01-08 01:07:59.205260,192.168.1.12,POST,/webhook?url=http://localhost:8080/admin,Mozilla/5.0 (Windows NT 10.0; Win64; x64),{'Host': 'example.com'},,404,261,SSRF,False,0.0,[]
b7c050d9-a836-46f1-a4fd-2a4781e6fd60,2026-01-08 01:12:15.205260,192.168.1.19,GET,/search?q=<img src=x onerror=alert(1)>,Mozilla/5.0 (Windows NT 10.0; Win64; x64),{'Host': 'example.com'},,403,457,XSS,False,0.0,[]
f15680fb-860f-4a32-a460-0aa13f567a24,2026-01-08 01:14:12.205260,192.168.1.2,POST,/login,Python-urllib/3.8,{'Host': 'example.com'},' OR 1=1 --,200,21026,SQLi,True,0.0,[]
75733f00-59c9-4a67-8415-b94def58f167,2026-01-08 01:17:19.205260,192.168.1.2,GET,/login,curl/7.68.0,{'Host': 'example.com'},,200,466,Normal,False,0.0,[]
ca015d3c-a88d-46c9-abe4-2bcae06223fa,2026-01-08 01:20:54.205260,192.168.1.11,GET,/login,Mozilla/5.0 (X11; Linux x86_64),{'Host': 'example.com'},,200,952,Normal,False,0.0,[]
8497acb8-783a-4866-bbde-e2b97cd41464,2026-01-08 01:21:34.205260,192.168.1.2,GET,/home,Mozilla/5.0 (Macintosh; Intel Mac OS X 10_15_7),{'Host': 'example.com'},,200,1128,Normal,False,0.0,[]
85eabe6b-9f3d-43f1-996e-93ffd872c492,2026-01-08 01:23:29.205260,192.168.1.10,POST,/login,Mozilla/5.0 (X11; Linux x86_64),{'Host': 'example.com'},' OR 1=1 --,404,443,SQLi,False,0.0,[]
542e8178-4f36-4c1a-a7b1-5a572dfffb85,2026-01-08 01:26:17.205260,192.168.1.12,GET,/api/data,Mozilla/5.0 (Macintosh; Intel Mac OS X 10_15_7),{'Host': 'example.com'},,200,116,Normal,False,0.0,[]
c5fdc976-4721-4471-98f9-b3b0eb1743b1,2026-01-08 01:28:47.205260,192.168.1.20,GET,/dashboard,Mozilla/5.0 (Macintosh; Intel Mac OS X 10_15_7),{'Host': 'example.com'},,200,1614,Normal,False,0.0,[]
64cd7222-9b66-43c8-a4be-25c7c1fb16af,2026-01-08 01:32:45.205260,192.168.1.7,GET,/api/data,curl/7.68.0,{'Host': 'example.com'},,200,1682,Normal,False,0.0,[]
ffeb5561-6a0c-48bb-807e-949ab84400e1,2026-01-08 01:34:51.205260,192.168.1.8,GET,/api/data,curl/7.68.0,{'Host': 'example.com'},,200,148,Normal,False,0.0,[]
593c92fe-6ef7-4924-a914-63edd43debcc,2026-01-08 01:37:49.205260,192.168.1.13,GET,/api/users?id=1&id=2,Mozilla/5.0 (X11; Linux x86_64),{'Host': 'example.com'},,404,0,HPP,False,0.0,[]
1bc4dbf6-9a49-4a72-9094-200b3d0af9b4,2026-01-08 01:38:43.205260,192.168.1.16,GET,/login,Mozilla/5.0 (Windows NT 10.0; Win64; x64),{'Host': 'example.com'},,200,959,Normal,False,0.0,[]
2aeaf463-48b7-4c03-a5aa-ec45d097fda8,2026-01-08 01:39:56.205260,192.168.1.14,POST,/login,Mozilla/5.0 (X11; Linux x86_64),{'Host': 'example.com'},' OR 1=1 --,200,39062,SQLi,True,0.0,[]
218eb685-a8c7-443a-aec3-f529eb91abdc,2026-01-08 01:43:51.205260,192.168.1.13,POST,/login,Mozilla/5.0 (Windows NT 10.0; Win64; x64),{'Host': 'example.com'},admin' --,403,326,SQLi,False,0.0,[]
ef23019b-6ba0-4ab5-8d06-0fc8083dc014,2026-01-08 01:48:42.205260,192.168.1.10,GET,/login,Mozilla/5.0 (X11; Linux x86_64),{'Host': 'example.com'},,200,584,Normal,False,0.0,[]
